p1,p2,p3,p4,p5,p6,i1,i2,i3,i4,i5,i6
ホウオウ,バドレックス黒,ウーラオス水,ミミッキュ,ラッキー,ヌオー,いのちのたま,きあいのタスキ,こだわりハチマキ,イバンのみ,しんかのきせき,オボンのみ
ザシアン,キュレム黒,サンダー電,ウーラオス水,オーロンゲ,ヌオー,くちたけん,ラムのみ,いのちのたま,きあいのタスキ,ひかりのねんど,たべのこし
ホウオウ,ネクロズマ日,エレザード,ランドロス霊,ミミッキュ,ウーラオス水,あつぞこブーツ,ラムのみ,きあいのタスキ,オボンのみ,こだわりスカーフ,いのちのたま
ムゲンダイナ,テッカグヤ,ウーラオス水,ヤドキング毒超,バルジーナ,ヌオー,くろいヘドロ,たべのこし,こだわりハチマキ,とつげきチョッキ,あつぞこブーツ,ゴツゴツメット
バドレックス黒,ゴリランダー,ウーラオス水,ランドロス霊,ポリゴン２,トゲキッス,こだわりメガネ,いのちのたま,こだわりハチマキ,オボンのみ,しんかのきせき,ゴツゴツメット
イベルタル,カバルドン,ヤドキング毒超,ナットレイ,ウーラオス水,ヒヒダルマ氷,メトロノーム,ゴツゴツメット,とつげきチョッキ,たべのこし,こだわりハチマキ,こだわりスカーフ
バドレックス黒,ランドロス霊,サンダー電,ウーラオス水,ポリゴン２,ナットレイ,きあいのタスキ,オボンのみ,こだわりスカーフ,こだわりハチマキ,しんかのきせき,ヨプのみ
ムゲンダイナ,ウインディ,ウーラオス水,サンダー電,エースバーン,ドリュウズ,こだわりスカーフ,ゴツゴツメット,こだわりハチマキ,ウイのみ,きあいのタスキ,とつげきチョッキ
バドレックス黒,バンギラス,ウーラオス水,サンダー電,ナットレイ,マンムー,いのちのたま,とつげきチョッキ,こだわりスカーフ,ゴツゴツメット,ヨプのみ,こだわりハチマキ
バドレックス黒,ウーラオス水,ランドロス霊,ポリゴン２,ナットレイ,カプ・コケコ,こだわりメガネ,こだわりハチマキ,ゴツゴツメット,しんかのきせき,たべのこし,こだわりスカーフ
イベルタル,ギルガルド,カバルドン,ウツロイド,ウーラオス水,ヒードラン,こだわりスカーフ,ゴツゴツメット,オボンのみ,パワフルハーブ,きあいのタスキ,たべのこし
バドレックス黒,ウーラオス水,カプ・コケコ,ランドロス霊,ヒードラン,メタモン,きあいのタスキ,いのちのたま,とつげきチョッキ,マゴのみ,たべのこし,こだわりスカーフ
バドレックス黒,ランドロス霊,ウーラオス水,ハッサム,カプ・テテフ,バルジーナ,こだわりメガネ,ゴツゴツメット,こだわりハチマキ,とつげきチョッキ,きあいのタスキ,たべのこし
ゼルネアス,ウルガモス,アーゴヨン,ランドロス霊,ウーラオス水,オーロンゲ,パワフルハーブ,いのちのたま,オボンのみ,カムラのみ,じゃくてんほけん,だっしゅつボタン
バドレックス黒,バルジーナ,ウーラオス水,カプ・コケコ,ランドロス霊,ヒードラン,こだわりメガネ,あつぞこブーツ,こだわりハチマキ,こだわりスカーフ,オボンのみ,たべのこし
バドレックス黒,ランドロス霊,ウーラオス水,バルジーナ,カプ・コケコ,ヒードラン,こだわりメガネ,ゴツゴツメット,こだわりハチマキ,あつぞこブーツ,こだわりスカーフ,たべのこし
バドレックス黒,バルジーナ,アーゴヨン,カプ・コケコ,ランドロス霊,ウーラオス水,こだわりメガネ,あつぞこブーツ,きあいのタスキ,こだわりスカーフ,ゴツゴツメット,こだわりハチマキ
ザシアン,ウーラオス水,ウルガモス,ヤドキング毒超,ヌオー,ポリゴン２,くちたけん,こだわりハチマキ,こだわりメガネ,とつげきチョッキ,たべのこし,しんかのきせき
ザシアン,ランドロス霊,ロトム炎,アーゴヨン,ウーラオス水,オーロンゲ,くちたけん,とつげきチョッキ,オボンのみ,きあいのタスキ,こだわりスカーフ,たべのこし
バドレックス黒,ウーラオス水,サンダー電,ランドロス霊,ゴリランダー,ヒードラン,きあいのタスキ,こだわりスカーフ,こだわりメガネ,こだわりハチマキ,とつげきチョッキ,たべのこし
バドレックス黒,サンダー電,バルジーナ,ナットレイ,ウーラオス水,ランドロス霊,こだわりメガネ,じしゃく,たべのこし,ヨプのみ,こだわりスカーフ,ゴツゴツメット
ムゲンダイナ,ウーラオス水,ランドロス霊,ナットレイ,アシレーヌ,ヤレユータン,いのちのたま,こだわりスカーフ,ゴツゴツメット,たべのこし,とつげきチョッキ,せんせいのツメ
バドレックス黒,ナットレイ,マンムー,サンダー電,ウーラオス水,バンギラス,きあいのタスキ,ヨプのみ,こだわりハチマキ,こだわりメガネ,こだわりスカーフ,だっしゅつパック
ヌメルゴン,サンダー電,マンムー,ウーラオス水,ニンフィア,ドヒドイデ,タラプのみ,いのちのたま,とつげきチョッキ,こだわりスカーフ,たべのこし,くろいヘドロ
サンダー電,ウーラオス水,ランドロス霊,カプ・レヒレ,ポリゴン２,ヤドキング毒超,するどいくちばし,こだわりハチマキ,オボンのみ,こだわりスカーフ,しんかのきせき,とつげきチョッキ
ドラパルト,キュウコン氷妖,サンダー電,ウーラオス水,ポリゴン２,ランドロス霊,いのちのたま,カムラのみ,こだわりメガネ,こだわりスカーフ,しんかのきせき,ラムのみ
マンムー,サンダー電,ウーラオス水,カイリュー,ウツロイド,ナットレイ,いのちのたま,オボンのみ,こだわりスカーフ,じゃくてんほけん,パワフルハーブ,たべのこし
サンダー電,マンムー,ナットレイ,ウーラオス水,フーディン,ドラパルト,タラプのみ,とつげきチョッキ,たべのこし,こだわりスカーフ,きあいのタスキ,じゃくてんほけん
サンダー電,ウーラオス水,ランドロス霊,カプ・レヒレ,ヤドキング毒超,ポリゴン２,こだわりスカーフ,こだわりハチマキ,オボンのみ,こだわりメガネ,くろいヘドロ,しんかのきせき
レイスポス,カプ・テテフ,ミミッキュ,ウーラオス水,ポリゴンＺ,ラグラージ,いのちのたま,こだわりメガネ,のろいのおふだ,きあいのタスキ,こだわりスカーフ,リンドのみ
サンダー電,ウーラオス水,ドラパルト,ラグラージ,ヒードラン,ミミッキュ,タラプのみ,こだわりハチマキ,いのちのたま,オボンのみ,とつげきチョッキ,アッキのみ
サンダー電,ウーラオス水,ポリゴン２,エースバーン,カプ・テテフ,ドリュウズ,タラプのみ,こだわりハチマキ,しんかのきせき,いのちのたま,たつじんのおび,こだわりスカーフ
ドラパルト,カバルドン,ウツロイド,ナットレイ,ウーラオス水,サンダー電,いのちのたま,アッキのみ,パワフルハーブ,たべのこし,こだわりハチマキ,タラプのみ
ドラパルト,ラグラージ,ウツロイド,サンダー電,ミミッキュ,ウーラオス水,いのちのたま,オボンのみ,パワフルハーブ,こだわりスカーフ,アッキのみ,こだわりハチマキ
ウーラオス水,ランドロス霊,ヤドキング毒超,サンダー電,ポリゴン２,ミミッキュ,こだわりスカーフ,オボンのみ,くろいヘドロ,ウイのみ,しんかのきせき,アッキのみ
ボルトロス霊,ウーラオス水,カイリュー,ポリゴン２,ピクシー,テッカグヤ,こだわりメガネ,こだわりスカーフ,たべのこし,しんかのきせき,オボンのみ,フィラのみ
バイバニラ,パッチルドン,カイリュー,ウーラオス水,ジバコイル,ドサイドン,きあいのタスキ,いのちのたま,たべのこし,こだわりスカーフ,とつげきチョッキ,ラムのみ
オーロンゲ,ポットデス,ウーラオス水,サンダー電,カミツルギ,ランドロス霊,ひかりのねんど,しろいハーブ,じゃくてんほけん,とつげきチョッキ,オッカのみ,オボンのみ
ウーラオス水,ポリゴン２,サンダー電,ジバコイル,ドラパルト,ランドロス霊,いのちのたま,しんかのきせき,タラプのみ,たべのこし,メトロノーム,こだわりスカーフ
ランドロス霊,ポリゴン２,ウーラオス水,ドラパルト,テッカグヤ,ヤドキング毒超,イアのみ,しんかのきせき,オボンのみ,ゴツゴツメット,たべのこし,とつげきチョッキ
カバルドン,サンダー電,ドラパルト,ウーラオス水,ウツロイド,ドヒドイデ,オボンのみ,あつぞこブーツ,いのちのたま,こだわりスカーフ,パワフルハーブ,くろいヘドロ
ヒードラン,カプ・コケコ,ポリゴン２,ミミッキュ,ウーラオス水,カイリュー,たべのこし,こだわりメガネ,しんかのきせき,いのちのたま,こだわりスカーフ,こだわりハチマキ
ウーラオス水,ジバコイル,ランドロス霊,カイリュー,ポリゴン２,ミミッキュ,きあいのタスキ,イバンのみ,ラムのみ,じゃくてんほけん,しんかのきせき,いのちのたま
サンダー電,ポリゴン２,ウーラオス水,ランドロス霊,ヤドキング毒超,ナットレイ,ウイのみ,しんかのきせき,こだわりハチマキ,オボンのみ,とつげきチョッキ,たべのこし
ランドロス霊,カプ・レヒレ,ウツロイド,ヒードラン,カイリュー,ウーラオス水,オボンのみ,こだわりメガネ,パワフルハーブ,たべのこし,いのちのたま,こだわりハチマキ
カプ・コケコ,ランドロス霊,ウーラオス水,ウツロイド,テッカグヤ,ドラパルト,こだわりスカーフ,オボンのみ,きあいのタスキ,パワフルハーブ,いのちのたま,じゃくてんほけん
カイリュー,ランターン,マタドガス毒妖,アーマーガア,ギルガルド,ウーラオス水,するどいくちばし,たつじんのおび,こだわりメガネ,ゴツゴツメット,こだわりハチマキ,いのちのたま
サンダー電,ウーラオス水,ギルガルド,ランドロス霊,ポリゴン２,ドヒドイデ,こだわりスカーフ,こだわりハチマキ,いのちのたま,オボンのみ,しんかのきせき,くろいヘドロ
エースバーン,ポリゴン２,カイリュー,ウツロイド,ラグラージ,ウーラオス水,きあいのタスキ,しんかのきせき,こだわりハチマキ,パワフルハーブ,オボンのみ,いのちのたま
ウーラオス水,ランドロス霊,ミミッキュ,ゴリランダー,カプ・レヒレ,ライコウ,きあいのタスキ,オボンのみ,アッキのみ,いのちのたま,こだわりスカーフ,たべのこし
ガブリアス,サンダー電,ポリゴン２,ウツロイド,ウーラオス水,ミミッキュ,きあいのタスキ,アッキのみ,しんかのきせき,パワフルハーブ,こだわりスカーフ,いのちのたま
サンダー電,ウーラオス水,ガブリアス,テッカグヤ,ポリゴン２,ドヒドイデ,ウイのみ,こだわりハチマキ,とつげきチョッキ,たべのこし,しんかのきせき,くろいヘドロ
ランドロス霊,サンダー電,ミミッキュ,エースバーン,ウーラオス水,ポリゴン２,ラムのみ,たべのこし,アッキのみ,いのちのたま,こだわりスカーフ,しんかのきせき
サンダー電,ラグラージ,ドラパルト,ヒードラン,ウーラオス水,カプ・レヒレ,タラプのみ,オボンのみ,いのちのたま,とつげきチョッキ,こだわりハチマキ,たべのこし
サンダー電,カイリュー,ポリゴン２,ドサイドン,ミミッキュ,ウーラオス水,ゴツゴツメット,こだわりハチマキ,しんかのきせき,イバンのみ,いのちのたま,きあいのタスキ
サンダー電,エースバーン,ポリゴン２,ウーラオス水,カプ・テテフ,ドリュウズ,タラプのみ,いのちのたま,しんかのきせき,こだわりハチマキ,たつじんのおび,こだわりスカーフ
バイバニラ,パッチルドン,サンダー電,ウーラオス水,カプ・レヒレ,ドリュウズ,きあいのタスキ,いのちのたま,じゃくてんほけん,こだわりハチマキ,こうこうのしっぽ,たべのこし
ウーラオス水,ナットレイ,ウツロイド,サンダー電,ヒードラン,カバルドン,いのちのたま,たべのこし,パワフルハーブ,タラプのみ,じゃくてんほけん,アッキのみ
ウツロイド,ミミッキュ,サンダー電,ウーラオス水,カバルドン,ナットレイ,パワフルハーブ,アッキのみ,いのちのたま,こだわりスカーフ,オボンのみ,たべのこし
サンダー電,ハッサム,ウーラオス水,ドラパルト,ポリゴン２,ミミッキュ,いのちのたま,オボンのみ,こだわりスカーフ,ラムのみ,しんかのきせき,のろいのおふだ
カイリュー,ナットレイ,カプ・レヒレ,ドサイドン,サンダー電,ウーラオス水,あつぞこブーツ,たべのこし,こだわりメガネ,オボンのみ,アッキのみ,こだわりスカーフ
クレセリア,ウーラオス水,ドラパルト,ドヒドイデ,ハピナス,マンムー,アッキのみ,こだわりハチマキ,いのちのたま,くろいヘドロ,イバンのみ,きあいのタスキ
ボルトロス霊,ウーラオス水,カイリュー,ポリゴン２,ラプラス,ヤドキング毒超,こだわりメガネ,こだわりスカーフ,たべのこし,しんかのきせき,カゴのみ,くろいヘドロ
カバルドン,ウツロイド,ゴリランダー,ウーラオス水,サンダー電,ナットレイ,オボンのみ,こだわりスカーフ,いのちのたま,とつげきチョッキ,アッキのみ,たべのこし
エースバーン,サンダー電,ゲンガー,ドサイドン,カプ・レヒレ,ウーラオス水,いのちのたま,オボンのみ,きあいのタスキ,とつげきチョッキ,こだわりメガネ,こだわりハチマキ
サンダー電,ウーラオス水,ポリゴン２,キュウコン氷妖,ランドロス霊,ヤドキング毒超,するどいくちばし,こだわりハチマキ,しんかのきせき,きあいのタスキ,いのちのたま,とつげきチョッキ
ドラパルト,モロバレル,アシレーヌ,ポリゴン２,ウーラオス水,ボルトロス霊,いのちのたま,きあいのタスキ,たべのこし,しんかのきせき,こだわりスカーフ,オボンのみ
ウーラオス水,サンダー電,ポリゴン２,エースバーン,ランドロス霊,ミミッキュ,いのちのたま,オボンのみ,しんかのきせき,きあいのタスキ,とつげきチョッキ,アッキのみ
サンダー電,ウーラオス水,ガブリアス,ポリゴン２,ヒードラン,ドヒドイデ,オボンのみ,こだわりスカーフ,とつげきチョッキ,しんかのきせき,たべのこし,くろいヘドロ
ウーラオス水,サンダー電,ウツロイド,ゴリランダー,ガブリアス,ミミッキュ,こだわりスカーフ,アッキのみ,パワフルハーブ,こだわりハチマキ,きあいのタスキ,いのちのたま
ウーラオス水,カイリュー,ミミッキュ,ドヒドイデ,クレセリア,メタモン,いのちのたま,ラムのみ,のろいのおふだ,くろいヘドロ,たべのこし,こだわりスカーフ
ヤドラン毒超,ランドロス霊,ウーラオス水,サンダー電,カプ・ブルル,バンギラス,アッキのみ,オボンのみ,こだわりスカーフ,いのちのたま,たべのこし,こだわりハチマキ
サンダー電,ガオガエン,ブリザポス,ギルガルド,ウーラオス水,ウツロイド,ゴツゴツメット,オボンのみ,ラムのみ,たべのこし,こだわりハチマキ,パワフルハーブ
ドラパルト,ラグラージ,ピクシー,ジバコイル,ウーラオス水,サンダー電,いのちのたま,オボンのみ,たべのこし,とつげきチョッキ,こだわりスカーフ,あつぞこブーツ
ピクシー,オニゴーリ,ウーラオス水,ジジーロン,カマスジョー,ラティオス,アッキのみ,たべのこし,こだわりハチマキ,イバンのみ,きあいのタスキ,こだわりスカーフ
フーディン,サンダー電,ガブリアス,ナットレイ,ミミッキュ,ウーラオス水,いのちのたま,タラプのみ,きあいのタスキ,たべのこし,のろいのおふだ,こだわりスカーフ
ガブリアス,サンダー電,ウーラオス水,ポリゴン２,カプ・レヒレ,エースバーン,きあいのタスキ,あつぞこブーツ,こだわりスカーフ,しんかのきせき,たべのこし,いのちのたま
アーゴヨン,ウーラオス水,エースバーン,ゴリランダー,カバルドン,ジバコイル,きあいのタスキ,こだわりハチマキ,こだわりスカーフ,いのちのたま,たべのこし,とつげきチョッキ
マニューラ,ウーラオス水,ガブリアス,サンダー電,レジスチル,ファイヤー悪,いのちのたま,こだわりハチマキ,こだわりスカーフ,じゃくてんほけん,たべのこし,オボンのみ
エースバーン,ミミッキュ,キュウコン氷妖,ウーラオス水,ジバコイル,ボルトロス霊,ラムのみ,アッキのみ,きあいのタスキ,こだわりスカーフ,じゃくてんほけん,オボンのみ
マニューラ,サンダー電,ガブリアス,ウーラオス水,レジスチル,ファイヤー悪,いのちのたま,じゃくてんほけん,こだわりスカーフ,こだわりハチマキ,たべのこし,オボンのみ
ドラパルト,サンダー電,ウーラオス水,ラプラス,ドリュウズ,エースバーン,じゃくてんほけん,タラプのみ,いのちのたま,ラムのみ,たべのこし,とつげきチョッキ
ラグラージ,ミミッキュ,サンダー電,ポリゴン２,ウーラオス水,エースバーン,たべのこし,いのちのたま,こだわりスカーフ,しんかのきせき,こだわりハチマキ,ラムのみ
カバルドン,ドリュウズ,サンダー電,ニンフィア,ウーラオス水,カイリュー,オボンのみ,とつげきチョッキ,いのちのたま,たべのこし,こだわりハチマキ,じゃくてんほけん
ウーラオス水,カイリュー,ミミッキュ,ドヒドイデ,クレセリア,メタモン,いのちのたま,ラムのみ,のろいのおふだ,くろいヘドロ,たべのこし,こだわりスカーフ
サンダー電,ドラパルト,ラグラージ,ウーラオス水,ミミッキュ,ポリゴン２,こだわりスカーフ,いのちのたま,たべのこし,こだわりハチマキ,アッキのみ,しんかのきせき
キュウコン氷妖,サンダー電,ドサイドン,ウーラオス水,エースバーン,ポリゴン２,きあいのタスキ,するどいくちばし,こだわりハチマキ,こだわりスカーフ,いのちのたま,しんかのきせき
ウーラオス水,ポリゴン２,サンダー電,ナットレイ,ミミッキュ,ガブリアス,こだわりスカーフ,しんかのきせき,あつぞこブーツ,たべのこし,いのちのたま,きあいのタスキ
カバルドン,カイリュー,サンダー電,ウーラオス水,ウツロイド,ミミッキュ,オボンのみ,いのちのたま,ゴツゴツメット,きあいのタスキ,こだわりスカーフ,アッキのみ
カイリュー,ニンフィア,ジバコイル,ウーラオス水,ドサイドン,ラティオス,いのちのたま,たべのこし,とつげきチョッキ,オボンのみ,イバンのみ,たつじんのおび
ウーラオス水,ジバコイル,サンダー電,ドラパルト,ミミッキュ,エースバーン,こだわりスカーフ,とつげきチョッキ,オボンのみ,いのちのたま,アッキのみ,きあいのタスキ
パッチラゴン,マタドガス毒妖,ポリゴン２,ウーラオス水,サンダー電,マンムー,いのちのたま,くろいヘドロ,しんかのきせき,こだわりスカーフ,オボンのみ,とつげきチョッキ
ウーラオス水,ランドロス霊,アーゴヨン,ヒードラン,キュウコン氷妖,パッチルドン,こだわりハチマキ,オボンのみ,こだわりスカーフ,たべのこし,こだわりメガネ,いのちのたま
エースバーン,サンダー電,ポリゴン２,ジバコイル,ウーラオス水,ドサイドン,ラムのみ,ゴツゴツメット,しんかのきせき,こだわりメガネ,こだわりスカーフ,イバンのみ
ドラパルト,ドヒドイデ,ポリゴン２,ウーラオス水,ドサイドン,サンダー電,いのちのたま,くろいヘドロ,しんかのきせき,こだわりハチマキ,ラムのみ,アッキのみ
ラグラージ,サンダー電,ポリゴン２,カイリュー,ミミッキュ,ウーラオス水,たべのこし,こだわりスカーフ,しんかのきせき,りゅうのキバ,いのちのたま,こだわりハチマキ
カバルドン,サンダー電,ナットレイ,ウツロイド,エースバーン,ウーラオス水,オボンのみ,あつぞこブーツ,たべのこし,パワフルハーブ,いのちのたま,こだわりスカーフ
ドラパルト,サンダー電,ウーラオス水,ラグラージ,ゴリランダー,ミミッキュ,いのちのたま,タラプのみ,こだわりハチマキ,たべのこし,きせきのタネ,アッキのみ
バンギラス,ドリュウズ,サンダー電,ウーラオス水,カプ・テテフ,ゴリランダー,きあいのタスキ,いのちのたま,じゃくてんほけん,オボンのみ,こだわりスカーフ,バコウのみ
ラグラージ,カイリュー,ウーラオス水,サンダー電,ミミッキュ,メタグロス,オボンのみ,ラムのみ,こだわりハチマキ,いのちのたま,アッキのみ,こだわりスカーフ
サンダー電,ウーラオス水,ナットレイ,ドサイドン,カプ・レヒレ,カイリュー,アッキのみ,こだわりスカーフ,たべのこし,いのちのたま,こだわりメガネ,あつぞこブーツ
ウーラオス水,ミミッキュ,サンダー電,ガブリアス,ナットレイ,ウツロイド,こだわりスカーフ,こうこうのしっぽ,じゃくてんほけん,いのちのたま,たべのこし,パワフルハーブ
キュウコン氷妖,パッチルドン,ウーラオス水,バシャーモ,ウツロイド,カイリュー,きあいのタスキ,いのちのたま,こだわりスカーフ,バコウのみ,パワフルハーブ,じゃくてんほけん
エースバーン,ポリゴン２,サンダー電,ナットレイ,ドサイドン,ウーラオス水,いのちのたま,しんかのきせき,あつぞこブーツ,たべのこし,じゃくてんほけん,こだわりハチマキ
バドレックス黒,サンダー電,ガオガエン,カバルドン,ナットレイ,ウーラオス水,こだわりスカーフ,いのちのたま,あつぞこブーツ,オボンのみ,たべのこし,こだわりハチマキ
ゼクロム,テッカグヤ,カバルドン,ヒヒダルマ氷,ミミッキュ,ウーラオス水,いのちのたま,たべのこし,アッキのみ,こだわりスカーフ,ひかりのこな,じゃくてんほけん
バドレックス黒,ウーラオス水,サンダー電,バシャーモ,ミミッキュ,バンギラス,こだわりスカーフ,こだわりハチマキ,ゴツゴツメット,きあいのタスキ,のろいのおふだ,ラムのみ
バドレックス黒,ウーラオス水,ランドロス霊,ミミッキュ,サンダー電,ナットレイ,きあいのタスキ,こだわりスカーフ,ゴツゴツメット,いのちのたま,タラプのみ,たべのこし
バドレックス黒,サンダー電,ウーラオス水,ポリゴン２,ナットレイ,カプ・レヒレ,こだわりスカーフ,ゴツゴツメット,ぼうごパット,しんかのきせき,フィラのみ,たべのこし
ゼクロム,カバルドン,ゴリランダー,ウーラオス水,エアームド,ポリゴン２,たべのこし,オボンのみ,とつげきチョッキ,こだわりハチマキ,ゴツゴツメット,しんかのきせき
ウーラオス水,バドレックス黒,バンギラス,ナットレイ,カプ・レヒレ,サンダー電,こだわりスカーフ,いのちのたま,とつげきチョッキ,たべのこし,オボンのみ,ゴツゴツメット
バドレックス黒,サンダー電,ウーラオス水,カバルドン,ドリュウズ,ナットレイ,こだわりスカーフ,ゴツゴツメット,こだわりハチマキ,オボンのみ,ラムのみ,たべのこし
ホウオウ,ランターン,ウーラオス水,ポリゴン２,ヌオー,ランドロス霊,いのちのたま,たべのこし,きあいのタスキ,しんかのきせき,ゴツゴツメット,ラムのみ
ラグラージ,リザードン,ザシアン,ドラパルト,サンダー電,ウーラオス水,イバンのみ,いのちのたま,くちたけん,きあいのタスキ,タラプのみ,じゃくてんほけん
ムゲンダイナ,サンダー電,エースバーン,ウーラオス水,ギルガルド,ランドロス霊,こだわりスカーフ,アッキのみ,いのちのたま,きあいのタスキ,たべのこし,ラムのみ
ムゲンダイナ,ウーラオス水,メタモン,メタグロス,サンダー電,ヒヒダルマ氷,こだわりスカーフ,きあいのタスキ,せんせいのツメ,とつげきチョッキ,オボンのみ,こだわりハチマキ
バドレックス黒,ナットレイ,サンダー電,ウーラオス水,バンギラス,ガブリアス,いのちのたま,たべのこし,ゴツゴツメット,こだわりスカーフ,とつげきチョッキ,オボンのみ
マリルリ,バドレックス黒,タイプ：ヌル,ウインディ,ランターン,ウーラオス水,いのちのたま,こだわりスカーフ,しんかのきせき,ゴツゴツメット,とつげきチョッキ,こだわりハチマキ
ムゲンダイナ,ブラッキー,サンダー電,ウーラオス水,ドラパルト,ドヒドイデ,こだわりメガネ,たべのこし,いのちのたま,こだわりスカーフ,ラムのみ,ゴツゴツメット
ブラッキー,バドレックス黒,カバルドン,ドリュウズ,サンダー電,ウーラオス水,たべのこし,いのちのたま,オボンのみ,きあいのタスキ,ゴツゴツメット,こだわりハチマキ
ムゲンダイナ,フェローチェ,ロトム炎,ナットレイ,ウーラオス水,ガブリアス,こだわりスカーフ,いのちのたま,カゴのみ,たべのこし,こだわりハチマキ,きあいのタスキ
ザシアン,サンダー電,バンギラス,エアームド,ウーラオス水,トリトドン,くちたけん,アッキのみ,たべのこし,オボンのみ,こだわりスカーフ,バンジのみ
ウーラオス水,バンギラス,バドレックス黒,カプ・レヒレ,ナットレイ,サンダー電,こだわりスカーフ,とつげきチョッキ,いのちのたま,ゴツゴツメット,たべのこし,オボンのみ
キュレム白,サンダー電,ウーラオス水,ナットレイ,カバルドン,ドリュウズ,とつげきチョッキ,オボンのみ,こだわりスカーフ,たべのこし,さらさらいわ,いのちのたま
バドレックス黒,ランドロス霊,サンダー電,オーロンゲ,ナットレイ,ウーラオス水,こだわりメガネ,ゴツゴツメット,タラプのみ,とつげきチョッキ,たべのこし,こだわりスカーフ
メタグロス,キュレム白,ランドロス霊,カプ・レヒレ,ウーラオス水,サンダー電,たべのこし,いのちのたま,アッキのみ,こだわりスカーフ,きあいのタスキ,こだわりメガネ
リザードン,ミミッキュ,ウーラオス水,ガブリアス,レジエレキ,バドレックス白,いのちのたま,リリバのみ,きあいのタスキ,ラムのみ,こだわりメガネ,とつげきチョッキ
ザシアン,サンダー電,エースバーン,ドリュウズ,ウーラオス水,ラプラス,くちたけん,あつぞこブーツ,きあいのタスキ,いのちのたま,こだわりスカーフ,たべのこし
パルキア,ウーラオス水,ポットデス,オーロンゲ,アシレーヌ,ジバコイル,いのちのたま,きあいのタスキ,しろいハーブ,ひかりのねんど,たべのこし,イバンのみ
バドレックス黒,サンダー電,ウーラオス水,エースバーン,ヌオー,ランドロス霊,のろいのおふだ,ゴツゴツメット,こだわりハチマキ,とつげきチョッキ,たべのこし,こだわりスカーフ
バドレックス黒,ランドロス霊,バンギラス,サンダー電,ナットレイ,ウーラオス水,こだわりメガネ,バンジのみ,ヨプのみ,オボンのみ,たべのこし,こだわりスカーフ
ランドロス霊,カプ・レヒレ,ザシアン,サンダー電,ウーラオス水,ポリゴン２,こだわりスカーフ,こだわりメガネ,くちたけん,たべのこし,いのちのたま,しんかのきせき
ムゲンダイナ,サンダー電,エースバーン,ナットレイ,ウーラオス水,ランドロス霊,こだわりスカーフ,アッキのみ,いのちのたま,たべのこし,きあいのタスキ,ラムのみ
カイオーガ,ミミッキュ,ウーラオス水,サンダー電,ナットレイ,ドサイドン,こだわりスカーフ,いのちのたま,きあいのタスキ,オボンのみ,たべのこし,とつげきチョッキ
バドレックス黒,ガブリアス,ナットレイ,サンダー電,ウーラオス水,ヒヒダルマ氷,いのちのたま,オボンのみ,たべのこし,ゴツゴツメット,こだわりハチマキ,こだわりスカーフ
ニンフィア,イベルタル,ウインディ,メタグロス,ウーラオス水,ガマゲロゲ,オボンのみ,こだわりスカーフ,ゴツゴツメット,とつげきチョッキ,こだわりハチマキ,たべのこし
レジエレキ,ネクロズマ日,ウーラオス水,カプ・レヒレ,サンダー電,ランドロス霊,ひかりのねんど,じゃくてんほけん,きあいのタスキ,たべのこし,タラプのみ,ラムのみ
カイオーガ,ウーラオス水,ミミッキュ,サンダー電,ナットレイ,ドサイドン,こだわりスカーフ,きあいのタスキ,いのちのたま,オボンのみ,たべのこし,とつげきチョッキ
ドリュウズ,ムゲンダイナ,カバルドン,ラッキー,ウーラオス水,ラプラス,いのちのたま,くろいヘドロ,アッキのみ,しんかのきせき,きあいのタスキ,じゃくてんほけん
バドレックス黒,ガオガエン,ウーラオス水,ボルトロス化,ナットレイ,カバルドン,きあいのタスキ,フィラのみ,いのちのたま,とつげきチョッキ,たべのこし,オボンのみ
カイオーガ,サンダー電,カバルドン,ドリュウズ,ウーラオス水,ヒードラン,こだわりスカーフ,するどいくちばし,オボンのみ,きあいのタスキ,こだわりハチマキ,たべのこし
バドレックス黒,ブラッキー,ウーラオス水,サンダー電,ドリュウズ,ガマゲロゲ,いのちのたま,たべのこし,こだわりスカーフ,フィラのみ,とつげきチョッキ,オボンのみ
カイオーガ,サンダー電,ミミッキュ,ヒヒダルマ氷,ウーラオス水,ドリュウズ,いのちのたま,ゴツゴツメット,チイラのみ,こだわりハチマキ,きあいのタスキ,とつげきチョッキ
バドレックス黒,バンギラス,ナットレイ,ウーラオス水,サンダー電,ガマゲロゲ,いのちのたま,とつげきチョッキ,たべのこし,こだわりハチマキ,アッキのみ,オボンのみ
イベルタル,ウーラオス水,ラッキー,ドヒドイデ,ヒードラン,メタモン,いのちのたま,きあいのタスキ,しんかのきせき,くろいヘドロ,たべのこし,こだわりスカーフ
バドレックス黒,ヒヒダルマ氷,ウーラオス水,サンダー電,バンギラス,ガマゲロゲ,いのちのたま,こだわりスカーフ,こだわりハチマキ,ウイのみ,とつげきチョッキ,オボンのみ
ザシアン,ラプラス,サンダー電,バンギラス,ブラッキー,ウーラオス水,くちたけん,じゃくてんほけん,アッキのみ,とつげきチョッキ,たべのこし,こだわりハチマキ
ゴリランダー,ヒードラン,サンダー電,ランドロス霊,ミミッキュ,ウーラオス水,きせきのタネ,たべのこし,イアのみ,フィラのみ,いのちのたま,こだわりスカーフ
エルフーン,ウツロイド,ファイヤー悪,メタグロス,エースバーン,ウーラオス水,イバンのみ,パワフルハーブ,オボンのみ,じゃくてんほけん,いのちのたま,きあいのタスキ
アーゴヨン,ウーラオス水,マッシブーン,エアームド,バンギラス,ドヒドイデ,いのちのたま,きあいのタスキ,たつじんのおび,イバンのみ,ラムのみ,くろいヘドロ
ウーラオス水,ポリゴン２,サンダー電,ギルガルド,ガブリアス,ヒードラン,こだわりスカーフ,しんかのきせき,タラプのみ,いのちのたま,きあいのタスキ,じゃくてんほけん
パッチルドン,ウーラオス水,カプ・コケコ,ランドロス霊,ミミッキュ,ラティアス,いのちのたま,こだわりスカーフ,こだわりメガネ,オボンのみ,アッキのみ,タラプのみ
パッチルドン,サンダー電,ウーラオス水,カプ・レヒレ,ドリュウズ,エースバーン,きあいのタスキ,ウイのみ,こだわりハチマキ,こだわりスカーフ,いのちのたま,とつげきチョッキ
ドラパルト,サンダー電,ウーラオス水,テッカグヤ,カプ・レヒレ,パッチルドン,じゃくてんほけん,タラプのみ,いのちのたま,パワフルハーブ,こだわりメガネ,ラムのみ
サンダー電,ウオノラゴン,ポリゴン２,レジエレキ,ゴチルゼル,ウーラオス水,いのちのたま,こだわりスカーフ,しんかのきせき,こだわりハチマキ,カゴのみ,きあいのタスキ
ボルトロス霊,ウーラオス水,ミミッキュ,ヒードラン,ゴリランダー,ポリゴン２,いのちのたま,こだわりスカーフ,アッキのみ,たべのこし,こだわりハチマキ,しんかのきせき
ウーラオス水,サンダー電,ギルガルド,ガブリアス,ポリゴン２,ドヒドイデ,こだわりハチマキ,こだわりスカーフ,たべのこし,とつげきチョッキ,しんかのきせき,くろいヘドロ
ガブリアス,サンダー電,ポリゴン２,ドラパルト,ウーラオス水,ドヒドイデ,とつげきチョッキ,あつぞこブーツ,しんかのきせき,いのちのたま,こだわりハチマキ,くろいヘドロ
マニューラ,ガブリアス,サンダー電,ウーラオス水,カミツルギ,テッカグヤ,いのちのたま,こだわりスカーフ,じゃくてんほけん,こだわりハチマキ,きあいのタスキ,たべのこし
ボルトロス霊,ブリザポス,ドリュウズ,ウーラオス水,ミミッキュ,サンダー電,こだわりメガネ,イバンのみ,いのちのたま,こだわりスカーフ,アッキのみ,フィラのみ
サンダー電,ツンデツンデ,ウーラオス水,エレキブル,ミミッキュ,ランドロス霊,アッキのみ,たべのこし,こだわりハチマキ,とつげきチョッキ,いのちのたま,オボンのみ
アーゴヨン,ウーラオス水,カプ・コケコ,ランドロス霊,ミミッキュ,ラティアス,いのちのたま,こだわりスカーフ,こだわりメガネ,オボンのみ,アッキのみ,タラプのみ
ミミッキュ,ブリザポス,サンダー電,ウーラオス水,ポリゴン２,ドリュウズ,いのちのたま,ラムのみ,オボンのみ,こだわりスカーフ,しんかのきせき,きあいのタスキ
カイリュー,コータス,カバルドン,ポリゴン２,ウーラオス水,ミミッキュ,いのちのたま,ジャポのみ,じゃくてんほけん,しんかのきせき,きあいのタスキ,タラプのみ
カプ・ブルル,ランドロス霊,ボルトロス霊,ウーラオス水,テッカグヤ,ポリゴン２,こだわりハチマキ,いのちのたま,ウイのみ,こだわりスカーフ,パワフルハーブ,しんかのきせき
カイリュー,オーロンゲ,ゾロアーク,ピクシー,ウーラオス水,ランクルス,いのちのたま,こうこうのしっぽ,ラムのみ,ゴツゴツメット,じゃくてんほけん,たべのこし
カイリュー,ミミッキュ,ウーラオス水,ヒードラン,ハピナス,ナマコブシ,ラムのみ,いのちのたま,きあいのタスキ,じゃくてんほけん,たべのこし,アッキのみ
ミミッキュ,ウーラオス水,ボルトロス霊,ナットレイ,ポリゴン２,カイリュー,いのちのたま,こだわりスカーフ,ラムのみ,たべのこし,しんかのきせき,あつぞこブーツ
ゾロアーク,ウーラオス水,サンダー電,ドリュウズ,ラッキー,カイリュー,ラムのみ,こだわりハチマキ,こだわりスカーフ,とつげきチョッキ,しんかのきせき,あつぞこブーツ
トゲキッス,エースバーン,ゴリランダー,ウーラオス水,ポリゴン２,マッギョ電,カゴのみ,きあいのタスキ,いのちのたま,こだわりスカーフ,しんかのきせき,たべのこし
サンダー電,ドリュウズ,ウーラオス水,ゴチルゼル,ミミッキュ,ラプラス,ゴツゴツメット,いのちのたま,こだわりスカーフ,カゴのみ,アッキのみ,じゃくてんほけん
カイリュー,ナマコブシ,ラッキー,エルフーン,テッカグヤ,ウーラオス水,いのちのたま,ウイのみ,しんかのきせき,たべのこし,パワフルハーブ,きあいのタスキ
ブリムオン,ジバコイル,ボルトロス霊,ポリゴン２,カイリュー,ウーラオス水,たべのこし,こだわりメガネ,オボンのみ,しんかのきせき,アッキのみ,こだわりハチマキ
カバルドン,カミツルギ,サンダー電,ウーラオス水,ポリゴン２,パッチラゴン,アッキのみ,いのちのたま,あつぞこブーツ,こだわりスカーフ,しんかのきせき,とつげきチョッキ
カバルドン,サンダー電,ウーラオス水,ミミッキュ,ナットレイ,ヤドキング毒超,オボンのみ,するどいくちばし,こだわりスカーフ,いのちのたま,たべのこし,とつげきチョッキ
ウーラオス水,ミミッキュ,ポリゴン２,ウオノラゴン,サンダー電,カイリュー,きあいのタスキ,いのちのたま,しんかのきせき,こだわりスカーフ,タラプのみ,ノーマルジュエル
サンダー電,ウーラオス水,ナットレイ,ドサイドン,ミミッキュ,エースバーン,オボンのみ,こだわりハチマキ,たべのこし,じゃくてんほけん,いのちのたま,ラムのみ
ドラパルト,カミツルギ,サンダー電,ウーラオス水,ラグラージ,ミミッキュ,いのちのたま,きあいのタスキ,タラプのみ,こだわりハチマキ,たべのこし,アッキのみ
サンダー電,ドリュウズ,ウーラオス水,カプ・コケコ,ゴリランダー,ポリゴン２,あつぞこブーツ,いのちのたま,こだわりスカーフ,ウイのみ,こだわりハチマキ,しんかのきせき
ウーラオス水,サンダー電,ウツロイド,ゴリランダー,ガブリアス,ミミッキュ,こだわりスカーフ,アッキのみ,パワフルハーブ,こだわりハチマキ,きあいのタスキ,いのちのたま
キュウコン氷妖,ジバコイル,ミミッキュ,ウーラオス水,エースバーン,ボルトロス霊,きあいのタスキ,じゃくてんほけん,アッキのみ,こだわりスカーフ,いのちのたま,オボンのみ
サンダー電,ラグラージ,ミミッキュ,エースバーン,ポリゴン２,ウーラオス水,こだわりスカーフ,たべのこし,いのちのたま,ラムのみ,しんかのきせき,こだわりハチマキ
ボルトロス霊,ウーラオス水,ミミッキュ,アーゴヨン,ポリゴン２,ヒードラン,いのちのたま,たつじんのおび,アッキのみ,きあいのタスキ,しんかのきせき,じゃくてんほけん
レジエレキ,ウーラオス水,ドラパルト,ミミッキュ,ランドロス霊,キュウコン氷妖,こだわりメガネ,こだわりハチマキ,じゃくてんほけん,のろいのおふだ,いのちのたま,きあいのタスキ
デンジュモク,ウーラオス水,カイリュー,ドサイドン,ミミッキュ,ルージュラ,こだわりスカーフ,こだわりハチマキ,アッキのみ,とつげきチョッキ,いのちのたま,きあいのタスキ
エースバーン,ウーラオス水,ミミッキュ,クレセリア,ハガネール,サンダー電,きあいのタスキ,メトロノーム,するどいツメ,ラムのみ,たべのこし,じゃくてんほけん
カイリュー,カプ・レヒレ,レジエレキ,マンムー,ポリゴン２,ウーラオス水,あつぞこブーツ,たべのこし,じしゃく,きあいのタスキ,しんかのきせき,いのちのたま
ラッキー,ドヒドイデ,レイスポス,カバルドン,テッカグヤ,ウーラオス水,しんかのきせき,くろいヘドロ,いのちのたま,オボンのみ,パワフルハーブ,こだわりスカーフ
レジエレキ,ウーラオス水,ミミッキュ,ランドロス霊,ポリゴン２,エースバーン,こだわりメガネ,こだわりハチマキ,いのちのたま,オボンのみ,しんかのきせき,じゃくてんほけん
ウーラオス水,ミミッキュ,サンダー電,マンムー,エースバーン,ゴリランダー,こだわりスカーフ,いのちのたま,あつぞこブーツ,きあいのタスキ,とつげきチョッキ,こだわりハチマキ
ランドロス霊,ハピナス,カプ・レヒレ,サンダー電,ウツロイド,ウーラオス水,こだわりスカーフ,いのちのたま,オボンのみ,たべのこし,パワフルハーブ,とつげきチョッキ
ボルトロス霊,ポリゴン２,ミミッキュ,ウーラオス水,カイリュー,カミツルギ,とつげきチョッキ,しんかのきせき,いのちのたま,こだわりスカーフ,たべのこし,きあいのタスキ
ポリゴン２,ミミッキュ,ウーラオス水,ドラパルト,エースバーン,エモンガ,しんかのきせき,チイラのみ,きあいのタスキ,たべのこし,いのちのたま,タラプのみ
エースバーン,ウーラオス水,サンダー電,ポリゴン２,ランドロス霊,カプ・レヒレ,いのちのたま,こだわりハチマキ,こだわりメガネ,しんかのきせき,オボンのみ,たべのこし
ウツロイド,クレセリア,アーゴヨン,ヒヒダルマ氷,ミミッキュ,ウーラオス水,きあいのタスキ,アッキのみ,いのちのたま,こだわりスカーフ,のろいのおふだ,じゃくてんほけん
エースバーン,ミミッキュ,ウーラオス水,サンダー電,バンギラス,ランドロス霊,きあいのタスキ,アッキのみ,こだわりハチマキ,マゴのみ,たべのこし,ラムのみ
シャンデラ,ウーラオス水,ランドロス霊,サンダー電,カミツルギ,ポリゴン２,こだわりメガネ,こだわりスカーフ,オボンのみ,あつぞこブーツ,とつげきチョッキ,しんかのきせき
ウーラオス水,サンダー電,ポリゴン２,カプ・レヒレ,ランドロス霊,カミツルギ,こだわりハチマキ,するどいくちばし,しんかのきせき,たべのこし,いのちのたま,きあいのタスキ
デンジュモク,ランドロス霊,ミミッキュ,ハピナス,ウーラオス水,テッカグヤ,こだわりスカーフ,いのちのたま,アッキのみ,たべのこし,きあいのタスキ,オボンのみ
ウーラオス水,ミミッキュ,ドサイドン,サンダー電,エースバーン,ポリゴン２,いのちのたま,アッキのみ,じゃくてんほけん,オボンのみ,きあいのタスキ,しんかのきせき
グレイシア,ミミッキュ,ウーラオス水,サンダー電,ドリュウズ,エースバーン,ヨプのみ,のろいのおふだ,いのちのたま,サンのみ,とつげきチョッキ,きあいのタスキ
ウーラオス水,サンダー電,ギルガルド,ガブリアス,ポリゴン２,ドヒドイデ,こだわりハチマキ,こだわりスカーフ,たべのこし,とつげきチョッキ,しんかのきせき,くろいヘドロ
カイリュー,ドリュウズ,ヒヒダルマ氷,サンダー電,ウーラオス水,ラプラス,じゃくてんほけん,いのちのたま,こだわりスカーフ,こだわりメガネ,きあいのタスキ,ひかりのねんど
ヌケニン,ランドロス化,ウーラオス水,テッカグヤ,カイリュー,ポリゴン２,きあいのタスキ,いのちのたま,たべのこし,あつぞこブーツ,アッキのみ,しんかのきせき
ニンフィア,ランドロス霊,ギャラドス,ウーラオス水,ドリュウズ,ヤドキング毒超,オボンのみ,いのちのたま,たべのこし,こだわりハチマキ,ラムのみ,くろいヘドロ
ウインディ,ドラパルト,ウーラオス水,トゲキッス,ドサイドン,ジバコイル,あつぞこブーツ,こだわりスカーフ,いのちのたま,たべのこし,オボンのみ,とつげきチョッキ
サンダー電,ウーラオス水,ナットレイ,エースバーン,マンムー,ミミッキュ,オボンのみ,こだわりスカーフ,たべのこし,いのちのたま,きあいのタスキ,アッキのみ
エースバーン,ミミッキュ,バイバニラ,カバルドン,ウーラオス水,カミツルギ,いのちのたま,のろいのおふだ,きあいのタスキ,オボンのみ,こだわりスカーフ,ノーマルジュエル
クチート,ラティアス,ミミッキュ,マリルリ,ウーラオス水,パッチラゴン,ゴツゴツメット,じゃくてんほけん,アッキのみ,とつげきチョッキ,きあいのタスキ,いのちのたま
カイリュー,オーロンゲ,ゾロアーク,ピクシー,ウーラオス水,ランクルス,いのちのたま,こうこうのしっぽ,ラムのみ,ゴツゴツメット,じゃくてんほけん,たべのこし
サンダー電,エースバーン,ドラパルト,ミミッキュ,バンギラス,ウーラオス水,するどいくちばし,ラムのみ,きあいのタスキ,のろいのおふだ,こだわりハチマキ,こだわりスカーフ
モロバレル,バンギラス,ミミッキュ,エースバーン,ウーラオス水,サンダー電,きあいのタスキ,たべのこし,のろいのおふだ,ラムのみ,こだわりスカーフ,いのちのたま
ラグラージ,サンダー電,ウツロイド,ウーラオス水,エースバーン,ミミッキュ,たべのこし,こだわりスカーフ,パワフルハーブ,イバンのみ,ラムのみ,いのちのたま
ドラパルト,ウーラオス水,ドヒドイデ,ラッキー,ニンフィア,テッカグヤ,いのちのたま,きあいのタスキ,くろいヘドロ,しんかのきせき,たべのこし,じゃくてんほけん
バンギラス,ドリュウズ,サンダー電,ミミッキュ,ウーラオス水,フェローチェ,たべのこし,いのちのたま,こだわりスカーフ,アッキのみ,イバンのみ,こだわりハチマキ
ブリザポス,ウーラオス水,ドリュウズ,サンダー電,ポリゴン２,カイリュー,ラムのみ,きあいのタスキ,いのちのたま,こだわりメガネ,しんかのきせき,じゃくてんほけん
ウーラオス水,ミミッキュ,サンダー電,ドリュウズ,エルフーン,ヒードラン,いのちのたま,アッキのみ,ウイのみ,とつげきチョッキ,たべのこし,じゃくてんほけん
サンダー電,ドサイドン,ナットレイ,カプ・レヒレ,ウーラオス水,エースバーン,あつぞこブーツ,イバンのみ,オッカのみ,たべのこし,こだわりスカーフ,とつげきチョッキ
サンダー電,ウーラオス水,カプ・レヒレ,ラッキー,カバルドン,ドラパルト,オボンのみ,こだわりハチマキ,たべのこし,しんかのきせき,アッキのみ,いのちのたま
ウーラオス水,ミミッキュ,ポリゴン２,エースバーン,ドリュウズ,サンダー電,いのちのたま,アッキのみ,しんかのきせき,きあいのタスキ,ラムのみ,あつぞこブーツ
ウーラオス水,ポリゴン２,サンダー電,ミミッキュ,ドリュウズ,ゴリランダー,こだわりスカーフ,しんかのきせき,オボンのみ,アッキのみ,いのちのたま,こだわりハチマキ
サンダー電,ウーラオス水,ドサイドン,ガブリアス,ミミッキュ,ナットレイ,オボンのみ,こだわりハチマキ,じゃくてんほけん,ラムのみ,いのちのたま,たべのこし
ウーラオス水,ボルトロス霊,カイリュー,ポリゴン２,カミツルギ,ヒードラン,こだわりスカーフ,こだわりメガネ,たべのこし,しんかのきせき,きあいのタスキ,じゃくてんほけん
ドラパルト,ウーラオス水,カバルドン,ナットレイ,ウツロイド,エースバーン,こだわりスカーフ,こだわりハチマキ,オボンのみ,たべのこし,パワフルハーブ,いのちのたま
トルネロス化,ボーマンダ,レジエレキ,ウーラオス水,ポリゴン２,エースバーン,きあいのタスキ,ラムのみ,こだわりメガネ,こだわりハチマキ,しんかのきせき,いのちのたま
ポリゴン２,ドヒドイデ,ガブリアス,ウーラオス水,サンダー電,ウオノラゴン,しんかのきせき,くろいヘドロ,オボンのみ,こだわりスカーフ,こだわりメガネ,こだわりハチマキ
レジエレキ,ウーラオス水,マンムー,カイリュー,テッカグヤ,バンギラス,こだわりメガネ,いのちのたま,きあいのタスキ,ラムのみ,パワフルハーブ,じゃくてんほけん
ウーラオス水,ピクシー,ウインディ,サンダー電,ドリュウズ,パッチルドン,こだわりハチマキ,たべのこし,オボンのみ,いのちのたま,とつげきチョッキ,きあいのタスキ
ウーラオス水,ヒヒダルマ氷,カイリュー,ドサイドン,ラッキー,ドヒドイデ,いのちのたま,こだわりスカーフ,あつぞこブーツ,とつげきチョッキ,しんかのきせき,くろいヘドロ
サンダー電,エースバーン,ゴリランダー,ミミッキュ,ウーラオス水,ウツロイド,アッキのみ,いのちのたま,こだわりハチマキ,のろいのおふだ,こだわりスカーフ,パワフルハーブ
ドリュウズ,バンギラス,サンダー電,ブリザポス,ウーラオス水,カプ・レヒレ,いのちのたま,こだわりハチマキ,ウイのみ,とつげきチョッキ,こだわりスカーフ,オボンのみ
ファイヤー悪,エースバーン,ニンフィア,ウーラオス水,ミミッキュ,ドリュウズ,いのちのたま,きあいのタスキ,こだわりメガネ,こだわりハチマキ,アッキのみ,じゃくてんほけん
アーゴヨン,ボルトロス霊,ウーラオス水,ランドロス霊,ポリゴン２,ブリザポス,きあいのタスキ,こだわりメガネ,こだわりスカーフ,オボンのみ,しんかのきせき,ラムのみ
リザードン,ドリュウズ,ミミッキュ,ウーラオス水,ナットレイ,レジエレキ,いのちのたま,ラムのみ,アッキのみ,きあいのタスキ,たべのこし,こだわりメガネ
サンダー電,テッカグヤ,ミミッキュ,ラプラス,エースバーン,ウーラオス水,いのちのたま,たべのこし,のろいのおふだ,じゃくてんほけん,ラムのみ,きあいのタスキ
ラグラージ,サンダー電,ナットレイ,カイリュー,ミミッキュ,ウーラオス水,オボンのみ,いのちのたま,たべのこし,タラプのみ,アッキのみ,こだわりスカーフ
ドヒドイデ,ラッキー,レイスポス,ウーラオス水,カバルドン,サンダー電,くろいヘドロ,しんかのきせき,ラムのみ,きあいのタスキ,オボンのみ,いのちのたま
ウーラオス水,サンダー電,ウツロイド,ゴリランダー,ガブリアス,ミミッキュ,こだわりスカーフ,アッキのみ,パワフルハーブ,こだわりハチマキ,ラムのみ,いのちのたま
ウーラオス水,ナットレイ,サンダー電,ドサイドン,エースバーン,カプ・レヒレ,こだわりスカーフ,たべのこし,アッキのみ,ラムのみ,とつげきチョッキ,オボンのみ
ブラッキー,ドラパルト,サンダー電,ウーラオス水,ウツロイド,ナットレイ,たべのこし,いのちのたま,するどいくちばし,こだわりハチマキ,パワフルハーブ,フィラのみ
エースバーン,ジバコイル,ウオノラゴン,サンダー電,ブリザポス,ウーラオス水,いのちのたま,こだわりメガネ,こだわりスカーフ,するどいくちばし,とつげきチョッキ,こだわりハチマキ
ウーラオス水,ポリゴン２,カイリュー,ヒードラン,サンダー電,ヌケニン,こだわりスカーフ,しんかのきせき,アッキのみ,いのちのたま,たべのこし,きあいのタスキ
カバルドン,サンダー電,ナットレイ,ウツロイド,ウーラオス水,ミミッキュ,オボンのみ,いのちのたま,たべのこし,パワフルハーブ,こだわりスカーフ,アッキのみ
ドラパルト,アシレーヌ,エンテイ,ゴリランダー,ボルトロス霊,ウーラオス水,たべのこし,イバンのみ,オボンのみ,こだわりハチマキ,フィラのみ,こだわりスカーフ
ヌケニン,メレシー,ツンデツンデ,サンダー闘,ドラパルト,ウーラオス水,きあいのタスキ,パワフルハーブ,オボンのみ,たべのこし,いのちのたま,カゴのみ
エースバーン,ブリザポス,ミミッキュ,ウーラオス水,ドリュウズ,サンダー電,いのちのたま,とつげきチョッキ,たつじんのおび,きあいのタスキ,たべのこし,アッキのみ
ウーラオス水,ウオノラゴン,サンダー電,ナットレイ,ポリゴン２,ランドロス霊,いのちのたま,こだわりスカーフ,バンジのみ,たべのこし,しんかのきせき,オボンのみ
マリルリ,ウーラオス水,サンダー電,ホルード,ルージュラ,エースバーン,とつげきチョッキ,きあいのタスキ,いのちのたま,イバンのみ,こだわりスカーフ,たつじんのおび
バンギラス,ランドロス霊,ウーラオス水,アシレーヌ,サンダー電,ナットレイ,こだわりハチマキ,オボンのみ,こだわりスカーフ,ゴツゴツメット,いのちのたま,たべのこし
カバルドン,ラッキー,サンダー電,ウーラオス水,カプ・レヒレ,ドラパルト,アッキのみ,しんかのきせき,オボンのみ,こだわりハチマキ,たべのこし,いのちのたま
カバルドン,サンダー電,ナットレイ,ウツロイド,ウーラオス水,ミミッキュ,オボンのみ,いのちのたま,たべのこし,パワフルハーブ,こだわりスカーフ,アッキのみ
レジエレキ,ブリザポス,ミミッキュ,ウーラオス水,カイリュー,クレセリア,ひかりのねんど,ラムのみ,アッキのみ,こだわりスカーフ,いのちのたま,たべのこし
カイリュー,ミミッキュ,エースバーン,ドリュウズ,ウーラオス水,ジバコイル,いのちのたま,チイラのみ,きあいのタスキ,じゃくてんほけん,こだわりスカーフ,イバンのみ
ブリザポス,クレセリア,ミミッキュ,ウーラオス水,ウオノラゴン,サンダー電,ラムのみ,オボンのみ,アッキのみ,きあいのタスキ,こだわりスカーフ,いのちのたま
ファイヤー悪,ウーラオス水,ウツロイド,ミミッキュ,カミツルギ,ドラパルト,カゴのみ,こだわりハチマキ,パワフルハーブ,いのちのたま,こだわりスカーフ,きあいのタスキ
サンダー電,ウーラオス水,ゴリランダー,ヒヒダルマ氷,カイリュー,ドリュウズ,じしゃく,きあいのタスキ,こだわりハチマキ,こだわりスカーフ,タラプのみ,いのちのたま
ウルガモス,サンダー電,ドリュウズ,ポットデス,オーロンゲ,ウーラオス水,ラムのみ,いのちのたま,とつげきチョッキ,しろいハーブ,ひかりのねんど,こだわりスカーフ
ウーラオス水,カイリュー,ゴリランダー,ヒヒダルマ氷,ドリュウズ,サンダー電,きあいのタスキ,じゃくてんほけん,こだわりハチマキ,こだわりスカーフ,いのちのたま,こだわりメガネ
カバルドン,サンダー電,ナットレイ,ウツロイド,ウーラオス水,ドラパルト,オボンのみ,いのちのたま,たべのこし,パワフルハーブ,こだわりスカーフ,きあいのタスキ
カバルドン,パッチラゴン,バンギラス,ドヒドイデ,サンダー電,ウーラオス水,アッキのみ,こだわりスカーフ,じゃくてんほけん,くろいヘドロ,いのちのたま,こだわりハチマキ
ドラパルト,ウーラオス水,ヒードラン,ランドロス霊,ポリゴン２,サンダー電,きあいのタスキ,こだわりハチマキ,たべのこし,オボンのみ,しんかのきせき,いのちのたま
ウーラオス水,サンダー電,ウツロイド,ゴリランダー,エースバーン,ミミッキュ,こだわりスカーフ,アッキのみ,パワフルハーブ,こだわりハチマキ,ラムのみ,いのちのたま
パッチルドン,エースバーン,カプ・レヒレ,ポリゴン２,ウーラオス水,ミミッキュ,いのちのたま,ラムのみ,じゃくてんほけん,しんかのきせき,きあいのタスキ,アッキのみ
サンダー電,ポリゴン２,テッカグヤ,エースバーン,ランドロス霊,ウーラオス水,いのちのたま,しんかのきせき,たべのこし,きあいのタスキ,オボンのみ,こだわりスカーフ
パッチラゴン,ブリムオン,ウーラオス水,ロズレイド,オーロンゲ,ガマゲロゲ,ラムのみ,たべのこし,じゃくてんほけん,とつげきチョッキ,こうこうのしっぽ,いのちのたま
ラプラス,ドラミドロ,ニンフィア,ワルビアル,ウーラオス水,ロトム飛,じゃくてんほけん,ハバンのみ,たべのこし,とつげきチョッキ,きあいのタスキ,オボンのみ
クレッフィ,ウーラオス水,ポットデス,ロトム炎,パッチラゴン,モロバレル,ゴツゴツメット,じゃくてんほけん,きあいのタスキ,こだわりスカーフ,いのちのたま,くろいヘドロ
ゲンガー,アシレーヌ,アーマーガア,ホルード,ロトム炎,ウーラオス水,いのちのたま,とつげきチョッキ,ラムのみ,きあいのタスキ,こだわりスカーフ,じゃくてんほけん
ウーラオス水,ランターン,エアームド,ワルビアル,カビゴン,ゲンガー,きあいのタスキ,とつげきチョッキ,ゴツゴツメット,こだわりスカーフ,ラムのみ,いのちのたま
パッチルドン,ウーラオス水,バイバニラ,ヌメルゴン,フーディン,ウインディ,じゃくてんほけん,こだわりスカーフ,きあいのタスキ,たべのこし,いのちのたま,とつげきチョッキ
パッチラゴン,ウーラオス水,ピクシー,ルガルガン黄昏,アシレーヌ,ナットレイ,こだわりスカーフ,こだわりハチマキ,いのちのたま,きあいのタスキ,イバンのみ,たべのこし
ウルガモス,ウーラオス水,ウオノラゴン,ニンフィア,サニーゴ霊,ホルード,きあいのタスキ,いのちのたま,こだわりスカーフ,たべのこし,しんかのきせき,ラムのみ
ゲンガー,ナットレイ,ホルード,ピクシー,ウーラオス水,パッチラゴン,きあいのタスキ,たべのこし,ラムのみ,いのちのたま,こだわりハチマキ,こだわりスカーフ
リザードン,ウーラオス水,キュウコン氷妖,ハガネール,ドサイドン,ポリゴンＺ,オボンのみ,いのちのたま,ひかりのねんど,レッドカード,きあいのタスキ,こだわりスカーフ
パッチラゴン,ウーラオス水,ギルガルド,マリルリ,ゲンガー,ポリゴンＺ,こだわりスカーフ,いのちのたま,じゃくてんほけん,たべのこし,きあいのタスキ,ヨプのみ
エアームド,ゲンガー,ウーラオス水,ロトム飛,ホルード,ニンフィア,カムラのみ,きあいのタスキ,いのちのたま,オボンのみ,ラムのみ,たべのこし
ペンドラー,キュウコン氷妖,ウーラオス水,ロトム水,オンバーン,マリルリ,いのちのたま,ひかりのねんど,きあいのタスキ,こうこうのしっぽ,じゃくてんほけん,とつげきチョッキ
ゲンガー,パッチラゴン,ホルード,ウーラオス水,ウルガモス,エアームド,きあいのタスキ,こだわりスカーフ,とつげきチョッキ,いのちのたま,じゃくてんほけん,カムラのみ
パッチラゴン,アシレーヌ,ウーラオス水,ホルード,ギルガルド,カビゴン,じゃくてんほけん,きあいのタスキ,こだわりハチマキ,イバンのみ,ラムのみ,とつげきチョッキ
ガマゲロゲ,ウーラオス水,レアコイル,ロトム炎,ラフレシア,パッチラゴン,いのちのたま,きあいのタスキ,こだわりメガネ,こだわりスカーフ,くろいヘドロ,ラムのみ
サザンドラ,ナットレイ,ホルード,アシレーヌ,ロトム飛,ウーラオス水,こだわりメガネ,オッカのみ,きあいのタスキ,ソクノのみ,こだわりスカーフ,いのちのたま
パッチラゴン,ウーラオス水,ロトム炎,キュウコン氷妖,ホルード,カビゴン,ラムのみ,いのちのたま,オボンのみ,こだわりスカーフ,きあいのタスキ,カゴのみ
パッチラゴン,ウーラオス水,ポリゴンＺ,ホルード,ニンフィア,サニーゴ霊,ラムのみ,いのちのたま,こだわりスカーフ,きあいのタスキ,たべのこし,しんかのきせき
ギガイアス,ホルード,パッチラゴン,アシレーヌ,ウーラオス水,カビゴン,さらさらいわ,きあいのタスキ,いのちのたま,とつげきチョッキ,こだわりスカーフ,たべのこし
パッチラゴン,ウーラオス水,エアームド,ホルード,カビゴン,キュウコン氷妖,こだわりスカーフ,いのちのたま,カムラのみ,ラムのみ,たべのこし,きあいのタスキ
ゲンガー,カビゴン,ウーラオス水,アシレーヌ,パッチラゴン,ホルード,くろいヘドロ,たべのこし,いのちのたま,とつげきチョッキ,ラムのみ,きあいのタスキ
サダイジャ,ルガルガン昼,ニンフィア,ウーラオス水,アーマーガア,ゲンガー,さらさらいわ,いのちのたま,たべのこし,こだわりスカーフ,ラムのみ,きあいのタスキ
モジャンボ,ハピナス,ウインディ,ピクシー,ウーラオス水,パッチラゴン,バンジのみ,ぼうじんゴーグル,とつげきチョッキ,たべのこし,こだわりハチマキ,こだわりスカーフ
ウーラオス水,リザードン,カビゴン,マタドガス毒妖,ドサイドン,ナットレイ,こだわりスカーフ,いのちのたま,とつげきチョッキ,くろいヘドロ,じゃくてんほけん,たべのこし
パッチラゴン,ゲンガー,ウーラオス水,クレッフィ,ホルード,ルガルガン黄昏,ラムのみ,くろいヘドロ,いのちのたま,ゴツゴツメット,きあいのタスキ,こだわりハチマキ
ウーラオス水,アシレーヌ,パッチラゴン,リザードン,クレッフィ,ゴチルゼル,じゃくてんほけん,きあいのタスキ,こだわりスカーフ,ラムのみ,こうこうのしっぽ,たべのこし
パッチラゴン,ピクシー,ポットデス,ウーラオス水,カビゴン,クレッフィ,いのちのたま,アッキのみ,きあいのタスキ,じゃくてんほけん,たべのこし,ゴツゴツメット
ピクシー,サニーゴ霊,ポリゴンＺ,ウルガモス,パッチルドン,ウーラオス水,こうこうのしっぽ,しんかのきせき,こだわりスカーフ,きあいのタスキ,じゃくてんほけん,いのちのたま
ゲンガー,ウーラオス水,ドサイドン,ナットレイ,ウオノラゴン,ロトム炎,きあいのタスキ,いのちのたま,オボンのみ,たべのこし,こだわりスカーフ,とつげきチョッキ
ウーラオス水,ホルード,ポリゴンＺ,パッチラゴン,キュウコン氷妖,ファイアロー,いのちのたま,きあいのタスキ,こだわりスカーフ,じゃくてんほけん,ひかりのねんど,こだわりハチマキ
ゲンガー,ロトム水,ウーラオス水,マタドガス毒妖,ハピナス,ガラガラ炎霊,いのちのたま,オボンのみ,こだわりスカーフ,くろいヘドロ,たべのこし,ふといホネ
バイバニラ,パッチルドン,ファイアロー,ニンフィア,ウーラオス水,ゲンガー,きあいのタスキ,オッカのみ,こだわりハチマキ,たべのこし,いのちのたま,こだわりスカーフ
オンバーン,ウーラオス水,カビゴン,ゲンガー,ハッサム,パッチラゴン,いのちのたま,きあいのタスキ,たべのこし,くろいヘドロ,こだわりハチマキ,とつげきチョッキ
オンバーン,マンムー,ロトム炎,ナットレイ,ニンフィア,ウーラオス水,ゴツゴツメット,とつげきチョッキ,こだわりスカーフ,フィラのみ,たべのこし,じゃくてんほけん
オーロンゲ,ウーラオス水,ロトム炎,モロバレル,マリルリ,ホルード,たべのこし,きあいのタスキ,こだわりスカーフ,バコウのみ,イバンのみ,いのちのたま
ゲンガー,ウーラオス水,ドータクン,アシレーヌ,パッチラゴン,ホルード,くろいヘドロ,きあいのタスキ,こうこうのしっぽ,たべのこし,いのちのたま,ラムのみ
パッチラゴン,アーマーガア,ゲンガー,ラプラス,オーロンゲ,ウーラオス水,いのちのたま,タラプのみ,きあいのタスキ,じゃくてんほけん,こうこうのしっぽ,こだわりハチマキ
ウーラオス水,ウルガモス,ウォーグル,ホルード,オーロンゲ,ピクシー,きあいのタスキ,いのちのたま,ラムのみ,イバンのみ,ひかりのねんど,オボンのみ
バイバニラ,パッチルドン,ガマゲロゲ,ウーラオス水,ファイアロー,ピクシー,きあいのタスキ,いのちのたま,ラムのみ,こだわりスカーフ,こだわりハチマキ,アッキのみ
リザードン,キュウコン氷妖,パッチルドン,ウーラオス水,ピクシー,ポットデス,こだわりスカーフ,きあいのタスキ,いのちのたま,こだわりハチマキ,アッキのみ,しろいハーブ
アシレーヌ,モロバレル,ウーラオス水,ゲンガー,カビゴン,ロトム炎,こだわりスカーフ,くろいヘドロ,いのちのたま,きあいのタスキ,とつげきチョッキ,こだわりメガネ
キュウコン氷妖,パッチルドン,パッチラゴン,ウーラオス水,ウルガモス,アシレーヌ,きあいのタスキ,いのちのたま,こだわりスカーフ,こだわりハチマキ,じゃくてんほけん,イバンのみ
パッチラゴン,アシレーヌ,ウーラオス水,ピクシー,バイバニラ,ナットレイ,こだわりスカーフ,きあいのタスキ,こだわりハチマキ,いのちのたま,ひかりのねんど,たべのこし
ドラミドロ,アーマーガア,パッチルドン,ウルガモス,ウーラオス水,キュウコン氷妖,とつげきチョッキ,ゴツゴツメット,いのちのたま,きあいのタスキ,こだわりハチマキ,こだわりスカーフ
ウーラオス水,レアコイル,ブリムオン,ウインディ,マンムー,サザンドラ,こだわりスカーフ,しんかのきせき,ウイのみ,とつげきチョッキ,いのちのたま,こだわりメガネ
ピクシー,ポットデス,ウーラオス水,ロトム炎,モロバレル,カビゴン,アッキのみ,きあいのタスキ,ラムのみ,こだわりスカーフ,バコウのみ,たべのこし
ハッサム,ウーラオス水,ガラガラ炎霊,ポリゴンＺ,パッチラゴン,ニンフィア,こだわりハチマキ,きあいのタスキ,ふといホネ,ヨプのみ,こだわりスカーフ,たべのこし
パッチラゴン,ウーラオス水,ゲンガー,ピクシー,アシレーヌ,ナットレイ,こだわりスカーフ,こだわりハチマキ,とつげきチョッキ,いのちのたま,きあいのタスキ,たべのこし
ピクシー,ポットデス,パッチラゴン,ウーラオス水,ドサイドン,ウオノラゴン,アッキのみ,きあいのタスキ,ラムのみ,いのちのたま,とつげきチョッキ,こだわりスカーフ
ラフレシア,ピクシー,ウーラオス水,パッチラゴン,アシレーヌ,カビゴン,バコウのみ,まんぷくおこう,いのちのたま,ラムのみ,きあいのタスキ,たべのこし
ウインディ,ウーラオス水,レアコイル,カビゴン,ブリムオン,マンムー,とつげきチョッキ,こだわりスカーフ,しんかのきせき,たべのこし,バンジのみ,いのちのたま
キュウコン氷妖,パッチラゴン,ホルード,アシレーヌ,ウーラオス水,ゲンガー,ひかりのねんど,こだわりスカーフ,ラムのみ,きあいのタスキ,じゃくてんほけん,いのちのたま
パッチラゴン,ポリゴンＺ,ウーラオス水,ホルード,エアームド,ピクシー,ラムのみ,ヨプのみ,いのちのたま,きあいのタスキ,カムラのみ,アッキのみ
ウーラオス水,ホルード,ギルガルド,オーロンゲ,ハピナス,パッチラゴン,こだわりスカーフ,きあいのタスキ,たべのこし,こうこうのしっぽ,ぼうじんゴーグル,ラムのみ
パッチラゴン,ホルード,ゲンガー,オーロンゲ,ウーラオス水,キュウコン氷妖,とつげきチョッキ,きあいのタスキ,くろいヘドロ,こうこうのしっぽ,いのちのたま,こだわりスカーフ
オーロット,ガラガラ地,アシレーヌ,パッチラゴン,ウーラオス水,パッチルドン,きあいのタスキ,ふといホネ,いのちのたま,ラムのみ,こだわりスカーフ,じゃくてんほけん
サザンドラ,ギルガルド,ウーラオス水,ペンドラー,オーロンゲ,ドヒドイデ,こだわりスカーフ,たべのこし,いのちのたま,くろいヘドロ,ひかりのねんど,ゴツゴツメット
カビゴン,ロトム霊,キュウコン氷妖,ナットレイ,ホルード,ウーラオス水,カゴのみ,こだわりスカーフ,きあいのタスキ,オッカのみ,ラムのみ,いのちのたま
ホルード,アシレーヌ,ウーラオス水,アーマーガア,ギルガルド,オンバーン,とつげきチョッキ,こだわりスカーフ,きあいのタスキ,するどいくちばし,たべのこし,いのちのたま
キュウコン氷妖,ポリゴンＺ,ウーラオス水,ゲンガー,ウオノラゴン,レアコイル,ひかりのねんど,ヨプのみ,じゃくてんほけん,きあいのタスキ,こだわりスカーフ,こだわりメガネ
アーマーガア,ランターン,ウーラオス水,ジュナイパー,ポリゴンＺ,サニーゴ霊,ゴツゴツメット,たべのこし,こだわりスカーフ,きあいのタスキ,ラムのみ,しんかのきせき
パッチラゴン,ウーラオス水,ホルード,アシレーヌ,ゴチルゼル,ポリゴンＺ,いのちのたま,じゃくてんほけん,イバンのみ,きあいのタスキ,カゴのみ,こだわりスカーフ
ライチュウ電超,オーロンゲ,ポリゴンＺ,ペンドラー,インテレオン,ウーラオス水,じしゃく,たべのこし,ヨプのみ,きあいのタスキ,するどいツメ,じゃくてんほけん
ゲンガー,オーロンゲ,ウルガモス,アシレーヌ,ウーラオス水,ホルード,いのちのたま,ひかりのねんど,ラムのみ,とつげきチョッキ,じゃくてんほけん,きあいのタスキ
ロトム炎,ロズレイド,ブリムオン,ホルード,ウーラオス水,ゲンガー,こだわりスカーフ,こだわりメガネ,たべのこし,いのちのたま,じゃくてんほけん,きあいのタスキ
ゲンガー,オーロンゲ,ポリゴンＺ,ウルガモス,ウーラオス水,ホルード,いのちのたま,たべのこし,こだわりスカーフ,じゃくてんほけん,きあいのタスキ,ラムのみ
バイバニラ,キュウコン氷妖,パッチラゴン,ホルード,アシレーヌ,ウーラオス水,きあいのタスキ,ひかりのねんど,じゃくてんほけん,いのちのたま,とつげきチョッキ,こだわりスカーフ
テラキオン,パッチラゴン,ウーラオス水,ヌメルゴン,ガマゲロゲ,モロバレル,じゃくてんほけん,ラムのみ,こだわりスカーフ,きあいのタスキ,いのちのたま,くろいヘドロ
ウーラオス水,マタドガス毒妖,カビゴン,サザンドラ,ジュナイパー,エンニュート,こだわりスカーフ,オボンのみ,とつげきチョッキ,こだわりメガネ,こだわりハチマキ,いのちのたま
キュウコン氷妖,ウーラオス水,アシレーヌ,リザードン,サニーゴ霊,ハピナス,ひかりのねんど,じゃくてんほけん,きあいのタスキ,いのちのたま,しんかのきせき,たべのこし
ウーラオス水,パッチラゴン,サマヨール,アシレーヌ,ポリゴンＺ,テラキオン,こだわりハチマキ,いのちのたま,しんかのきせき,きあいのタスキ,こだわりスカーフ,じゃくてんほけん
ウーラオス水,キュウコン氷妖,アシレーヌ,パッチラゴン,ホルード,リザードン,じゃくてんほけん,ひかりのねんど,きあいのタスキ,こだわりスカーフ,ラムのみ,いのちのたま
リザードン,ピクシー,ゲンガー,ウーラオス水,パッチラゴン,ドサイドン,ラムのみ,こうこうのしっぽ,きあいのタスキ,こだわりスカーフ,いのちのたま,じゃくてんほけん
ウーラオス水,リザードン,パッチラゴン,バンバドロ,クレッフィ,クサイハナ,きあいのタスキ,こだわりスカーフ,ラムのみ,とつげきチョッキ,たべのこし,しんかのきせき
ラフレシア,オーロンゲ,ピクシー,ラッキー,ウーラオス水,バタフリー,ゴツゴツメット,こうこうのしっぽ,いのちのたま,しんかのきせき,じゃくてんほけん,たべのこし
ワルビアル,ジュナイパー,ニンフィア,ロトム炎,ハッサム,ウーラオス水,カゴのみ,のろいのおふだ,たべのこし,オボンのみ,ゴツゴツメット,きあいのタスキ
ゲンガー,ウルガモス,パッチラゴン,ウーラオス水,キュウコン氷妖,ガマゲロゲ,いのちのたま,ラムのみ,じゃくてんほけん,きあいのタスキ,ひかりのねんど,しんぴのしずく
パッチラゴン,トリトドン,ウーラオス水,ウルガモス,ゲンガー,マリルリ,ラムのみ,たつじんのおび,こだわりハチマキ,いのちのたま,きあいのタスキ,オボンのみ
マンムー,ウルガモス,マリルリ,ポリゴンＺ,ウーラオス水,パッチラゴン,いのちのたま,じゃくてんほけん,たつじんのおび,こだわりスカーフ,きあいのタスキ,ラムのみ
パッチラゴン,カビゴン,ウーラオス水,ホルード,ゲンガー,アシレーヌ,ラムのみ,たべのこし,いのちのたま,きあいのタスキ,くろいヘドロ,こだわりスカーフ
リザードン,パッチラゴン,ウーラオス水,インテレオン,ニンフィア,ナットレイ,いのちのたま,ラムのみ,こだわりスカーフ,きあいのタスキ,のどスプレー,たべのこし
オンバーン,ギルガルド,ウーラオス水,ラプラス,モロバレル,パッチラゴン,きあいのタスキ,たべのこし,こだわりハチマキ,じゃくてんほけん,くろいヘドロ,いのちのたま
リザードン,アシレーヌ,パッチラゴン,ホルード,モロバレル,ウーラオス水,こだわりスカーフ,とつげきチョッキ,ラムのみ,きあいのタスキ,ゴツゴツメット,いのちのたま
ガマゲロゲ,パッチラゴン,タイプ：ヌル,アイアント,ウーラオス水,リザードン,オボンのみ,じゃくてんほけん,しんかのきせき,いのちのたま,こだわりハチマキ,こだわりスカーフ
ニンフィア,ロトム炎,ウーラオス水,ガマゲロゲ,ポリゴンＺ,ホルード,たべのこし,こだわりスカーフ,こだわりハチマキ,いのちのたま,ヨプのみ,きあいのタスキ
リザードン,ラビフット,フシギソウ,ジュラルドン,ヒヒダルマ氷,ウーラオス水,じゃくてんほけん,きあいのタスキ,しんかのきせき,たべのこし,こだわりスカーフ,こだわりハチマキ
アシレーヌ,ホルード,アーマーガア,ヌメルゴン,ランクルス,ウーラオス水,こだわりスカーフ,きあいのタスキ,するどいくちばし,たつじんのおび,かえんだま,こだわりハチマキ
ウーラオス水,ナットレイ,ウオノラゴン,ゲンガー,ピクシー,ドサイドン,いのちのたま,たべのこし,こだわりスカーフ,きあいのタスキ,アッキのみ,オボンのみ
コオリッポ,ウーラオス水,ラッキー,オンバーン,モロバレル,ガラガラ炎霊,たべのこし,こだわりスカーフ,しんかのきせき,ゴツゴツメット,きあいのタスキ,ふといホネ
パッチラゴン,ウーラオス水,ポリゴンＺ,サニーゴ霊,ニンフィア,ゲンガー,いのちのたま,じゃくてんほけん,こだわりスカーフ,しんかのきせき,たべのこし,きあいのタスキ
パッチラゴン,オーロンゲ,アシレーヌ,ホルード,ブリムオン,ウーラオス水,ラムのみ,こうこうのしっぽ,とつげきチョッキ,きあいのタスキ,たべのこし,こだわりハチマキ
リザードン,ウーラオス水,ニンフィア,ナットレイ,ホルード,パッチラゴン,いのちのたま,こだわりスカーフ,たべのこし,ヨプのみ,きあいのタスキ,じゃくてんほけん
アシレーヌ,ウインディ,クレッフィ,ゴチルゼル,ウーラオス水,パッチラゴン,きあいのタスキ,いのちのたま,こうこうのしっぽ,たべのこし,じゃくてんほけん,こだわりスカーフ
ラビフット,ウーラオス水,オーロンゲ,キュウコン氷妖,パッチラゴン,ランクルス,きあいのタスキ,じゃくてんほけん,こうこうのしっぽ,こだわりスカーフ,ラムのみ,かえんだま
デンチュラ,ポリゴンＺ,ウーラオス水,テラキオン,パッチラゴン,ヒヒダルマ氷,きあいのタスキ,シルクのスカーフ,いのちのたま,じゃくてんほけん,ロゼルのみ,こだわりハチマキ
ハピナス,パッチラゴン,モロバレル,キュウコン氷妖,ペンドラー,ウーラオス水,たべのこし,いのちのたま,くろいヘドロ,きあいのタスキ,オボンのみ,こだわりスカーフ
パッチラゴン,サニーゴ霊,モロバレル,ウーラオス水,ガマゲロゲ,ハピナス,いのちのたま,しんかのきせき,くろいヘドロ,こだわりスカーフ,たつじんのおび,たべのこし
オンバーン,ギルガルド,ホルード,ウーラオス水,キュワワー,ロトム炎,いのちのたま,ラムのみ,きあいのタスキ,こだわりスカーフ,アッキのみ,オボンのみ
ゲンガー,オーロンゲ,パッチラゴン,ウーラオス水,ハピナス,モジャンボ,いのちのたま,ウイのみ,ラムのみ,きあいのタスキ,たべのこし,バンジのみ
パッチラゴン,アシレーヌ,ウーラオス水,ホルード,カビゴン,サニーゴ霊,ラムのみ,こだわりスカーフ,きあいのタスキ,いのちのたま,たべのこし,しんかのきせき
ウーラオス水,パッチラゴン,キュウコン氷妖,リザードン,ピクシー,ホルード,きあいのタスキ,じゃくてんほけん,ひかりのねんど,こだわりスカーフ,アッキのみ,ラムのみ
アシレーヌ,ウォーグル,サザンドラ,ホルード,ストリンダー低,ウーラオス水,たべのこし,いのちのたま,こだわりスカーフ,ラムのみ,こだわりメガネ,きあいのタスキ
オーロンゲ,ロトム炎,サザンドラ,ギルガルド,ウーラオス水,モロバレル,いのちのたま,とつげきチョッキ,こだわりスカーフ,ぼうじんゴーグル,こだわりハチマキ,くろいヘドロ
ポットデス,キュウコン氷妖,パッチラゴン,カビゴン,ニンフィア,ウーラオス水,きあいのタスキ,ひかりのねんど,いのちのたま,フィラのみ,たべのこし,ラムのみ
ピクシー,ペンドラー,アーマーガア,ウーラオス水,ゴチルゼル,ラプラス,アッキのみ,ラムのみ,タラプのみ,きあいのタスキ,カゴのみ,とつげきチョッキ
バイバニラ,パッチラゴン,ファイアロー,マタドガス毒妖,ガマゲロゲ,ウーラオス水,きあいのタスキ,とつげきチョッキ,こだわりハチマキ,たつじんのおび,いのちのたま,こだわりスカーフ
リザードン,ウーラオス水,モロバレル,ゲンガー,ポリゴンＺ,ピクシー,ソクノのみ,こだわりハチマキ,ゴツゴツメット,きあいのタスキ,いのちのたま,かえんだま
ウーラオス水,パッチラゴン,アシレーヌ,ギルガルド,ホルード,カビゴン,いのちのたま,じゃくてんほけん,とつげきチョッキ,たべのこし,きあいのタスキ,フィラのみ
パッチラゴン,アシレーヌ,ウーラオス水,ドサイドン,ナットレイ,ピクシー,こだわりスカーフ,きあいのタスキ,こだわりハチマキ,じゃくてんほけん,たべのこし,いのちのたま
サザンドラ,ギルガルド,ウーラオス水,ホルード,ドヒドイデ,ハピナス,こだわりスカーフ,じゃくてんほけん,いのちのたま,きあいのタスキ,ゴツゴツメット,たべのこし
ポットデス,クレッフィ,パッチラゴン,ウーラオス水,ピクシー,カビゴン,きあいのタスキ,ゴツゴツメット,いのちのたま,じゃくてんほけん,アッキのみ,とつげきチョッキ
ウーラオス水,ウオノラゴン,ホルード,ナットレイ,ピクシー,サニーゴ霊,いのちのたま,こだわりスカーフ,きあいのタスキ,たべのこし,アッキのみ,しんかのきせき
ポリゴンＺ,ピクシー,ゲンガー,サニーゴ霊,パッチラゴン,ウーラオス水,こだわりスカーフ,こうこうのしっぽ,きあいのタスキ,しんかのきせき,ラムのみ,いのちのたま
ロトム草,オノノクス,オーロンゲ,ウーラオス水,タイプ：ヌル,ペンドラー,どくどくだま,ちからのハチマキ,ひかりのねんど,いのちのたま,しんかのきせき,フィラのみ
ペンドラー,ウーラオス水,バイバニラ,ヌメルゴン,ポットデス,ドククラゲ,いのちのたま,こだわりスカーフ,きあいのタスキ,たべのこし,しろいハーブ,ゴツゴツメット
ホルード,ウーラオス水,ポットデス,ドサイドン,ピクシー,アーマーガア,ラムのみ,きあいのタスキ,しろいハーブ,とつげきチョッキ,オボンのみ,タラプのみ
パッチラゴン,ロトム炎,ウーラオス水,アシレーヌ,モロバレル,ホルード,ラムのみ,こだわりスカーフ,いのちのたま,とつげきチョッキ,ゴツゴツメット,きあいのタスキ
ムーランド,ギガイアス,アシレーヌ,ギルガルド,ウーラオス水,パッチラゴン,いのちのたま,ノーマルジュエル,こだわりスカーフ,こだわりメガネ,きあいのタスキ,ラムのみ
ウーラオス水,ホルード,パッチラゴン,マリルリ,モロバレル,リザードン,じゃくてんほけん,きあいのタスキ,こだわりスカーフ,カゴのみ,くろいヘドロ,オボンのみ
ウーラオス水,アシレーヌ,ブリムオン,ホルード,エアームド,ポリゴンＺ,いのちのたま,たべのこし,オボンのみ,きあいのタスキ,フィラのみ,こだわりスカーフ
ゲンガー,ホルード,パッチラゴン,ウーラオス水,アシレーヌ,ナットレイ,いのちのたま,きあいのタスキ,こだわりスカーフ,じゃくてんほけん,とつげきチョッキ,たべのこし
レアコイル,ウーラオス水,サーナイト,マンムー,リザードン,モロバレル,たつじんのおび,こだわりハチマキ,こだわりスカーフ,とつげきチョッキ,いのちのたま,くろいヘドロ
ゲンガー,キュウコン氷妖,バクガメス,パッチラゴン,アシレーヌ,ウーラオス水,きあいのタスキ,ひかりのねんど,いのちのたま,じゃくてんほけん,たべのこし,こだわりハチマキ
ギルガルド,ウーラオス水,アシレーヌ,カビゴン,ホルード,ラフレシア,じゃくてんほけん,いのちのたま,きあいのタスキ,たべのこし,こだわりスカーフ,くろいヘドロ
マホイップ,ヌメルゴン,ヌケニン,アシレーヌ,ドサイドン,ウーラオス水,おおきなねっこ,とつげきチョッキ,きあいのタスキ,たべのこし,じゃくてんほけん,こだわりハチマキ
ハガネール,パッチラゴン,モロバレル,ウーラオス水,ドサイドン,ハピナス,レッドカード,いのちのたま,くろいヘドロ,じゃくてんほけん,きあいのタスキ,たべのこし
ポリゴンＺ,ホルード,パッチラゴン,ウーラオス水,マタドガス毒妖,アシレーヌ,ヨプのみ,きあいのタスキ,いのちのたま,こだわりスカーフ,たつじんのおび,とつげきチョッキ
リザードン,ウーラオス水,ホルード,パッチラゴン,ニンフィア,アシレーヌ,いのちのたま,こだわりハチマキ,きあいのタスキ,こだわりスカーフ,カゴのみ,たべのこし
ハッサム,ウーラオス水,ゲンガー,オンバーン,カビゴン,ドサイドン,こだわりハチマキ,きあいのタスキ,くろいヘドロ,いのちのたま,たべのこし,ラムのみ
マリルリ,ホルード,ニンフィア,ウーラオス水,ヤドラン毒超,ゲンガー,とつげきチョッキ,きあいのタスキ,たべのこし,こだわりスカーフ,くろいヘドロ,シュカのみ
ウーラオス水,レアコイル,アシレーヌ,マリルリ,ホルード,ローブシン,こだわりスカーフ,こだわりメガネ,きあいのタスキ,ゴツゴツメット,いのちのたま,とつげきチョッキ
マホイップ,ゲンガー,ガマゲロゲ,サニーゴ霊,ネギガナイト,ウーラオス水,とつげきチョッキ,こだわりスカーフ,いのちのたま,しんかのきせき,ながねぎ,きあいのタスキ
リザードン,ゲンガー,カビゴン,ドサイドン,モロバレル,ウーラオス水,ラムのみ,きあいのタスキ,たべのこし,じゃくてんほけん,ゴツゴツメット,いのちのたま
マンタイン,ガマゲロゲ,アーマーガア,パッチラゴン,ピクシー,ウーラオス水,いのちのたま,ラムのみ,タラプのみ,こだわりスカーフ,アッキのみ,きあいのタスキ
ウーラオス水,キュウコン氷妖,オンバーン,モロバレル,ハピナス,バンバドロ,こだわりスカーフ,ひかりのねんど,いのちのたま,バコウのみ,たべのこし,オボンのみ
ゲンガー,バルジーナ,ヌオー,ラッキー,ウーラオス水,ナットレイ,こだわりスカーフ,ゴツゴツメット,オボンのみ,しんかのきせき,いのちのたま,たべのこし
キュウコン氷妖,マリルリ,ポリゴンＺ,パッチラゴン,ウーラオス水,ゲンガー,こだわりスカーフ,とつげきチョッキ,ヨプのみ,いのちのたま,こだわりハチマキ,きあいのタスキ
ウインディ,ウーラオス水,ジバコイル,ギャラドス,ミミッキュ,ポリゴン２,こだわりハチマキ,きあいのタスキ,こだわりメガネ,カゴのみ,いのちのたま,しんかのきせき
パッチラゴン,トゲキッス,ウーラオス水,ドリュウズ,ポリゴン２,ミミッキュ,いのちのたま,こだわりスカーフ,きあいのタスキ,とつげきチョッキ,しんかのきせき,アッキのみ
ウーラオス水,ミミッキュ,ロトム水,ギャラドス,エースバーン,トゲキッス,きあいのタスキ,アッキのみ,こだわりメガネ,カゴのみ,いのちのたま,こだわりスカーフ
ジバコイル,ポリゴン２,カバルドン,トゲキッス,ウーラオス水,ドラパルト,とつげきチョッキ,しんかのきせき,アッキのみ,こだわりスカーフ,きあいのタスキ,たべのこし
エースバーン,ゴリランダー,ポリゴン２,ファイアロー,ウーラオス水,ドラパルト,いのちのたま,きあいのタスキ,しんかのきせき,こだわりハチマキ,こだわりスカーフ,こだわりメガネ
ポリゴン２,ハッサム,ジバコイル,パッチラゴン,ウーラオス水,ドリュウズ,しんかのきせき,こだわりハチマキ,とつげきチョッキ,いのちのたま,こだわりスカーフ,ラムのみ
エースバーン,ミミッキュ,ウーラオス水,エルフーン,ポリゴン２,トゲキッス,いのちのたま,アッキのみ,きあいのタスキ,たべのこし,しんかのきせき,ラムのみ
ミミッキュ,カビゴン,エースバーン,ドラパルト,トゲキッス,ウーラオス水,いのちのたま,たべのこし,こだわりハチマキ,こだわりメガネ,こだわりスカーフ,ラムのみ
カバルドン,ポリゴン２,ジバコイル,トゲキッス,ウーラオス水,ドラパルト,オボンのみ,しんかのきせき,とつげきチョッキ,アッキのみ,こだわりハチマキ,いのちのたま
エースバーン,ミミッキュ,ウーラオス水,カバルドン,トゲキッス,ポリゴン２,いのちのたま,アッキのみ,きあいのタスキ,たべのこし,こだわりスカーフ,しんかのきせき
トゲキッス,カバルドン,ポリゴン２,ウーラオス水,ドラパルト,ドリュウズ,こだわりスカーフ,オボンのみ,しんかのきせき,こだわりハチマキ,こだわりメガネ,いのちのたま
ウーラオス水,ミミッキュ,トゲキッス,エースバーン,カバルドン,エルフーン,ラムのみ,アッキのみ,ピントレンズ,いのちのたま,メンタルハーブ,きあいのタスキ
エースバーン,ゴリランダー,ドラパルト,トゲキッス,ウーラオス水,オーロンゲ,いのちのたま,きあいのタスキ,りゅうのキバ,じゃくてんほけん,ラムのみ,ひかりのねんど
ドラパルト,トゲキッス,ウーラオス水,エースバーン,ロトム水,ポリゴン２,いのちのたま,たべのこし,きあいのタスキ,こだわりハチマキ,とつげきチョッキ,しんかのきせき
エースバーン,パッチラゴン,ミミッキュ,トゲキッス,ウーラオス水,マリルリ,ラムのみ,いのちのたま,アッキのみ,ピントレンズ,きあいのタスキ,カゴのみ
ウインディ,ドラパルト,ジバコイル,ウーラオス水,ギャラドス,カバルドン,あつぞこブーツ,こだわりメガネ,とつげきチョッキ,こだわりスカーフ,いのちのたま,オボンのみ
エースバーン,ポリゴン２,ウーラオス水,トゲキッス,ミミッキュ,ドラパルト,いのちのたま,しんかのきせき,きあいのタスキ,ラムのみ,アッキのみ,こだわりハチマキ
ウーラオス水,カバルドン,ジバコイル,ドラパルト,トゲキッス,ゴリランダー,こだわりハチマキ,アッキのみ,とつげきチョッキ,いのちのたま,こだわりメガネ,ラムのみ
オーロンゲ,エースバーン,ランクルス,ウーラオス水,カビゴン,パッチラゴン,こうこうのしっぽ,きあいのタスキ,マゴのみ,じゃくてんほけん,バンジのみ,いのちのたま
バルジーナ,ピクシー,ミミッキュ,ロトム炎,ウーラオス水,パッチラゴン,アッキのみ,たべのこし,こだわりスカーフ,ラムのみ,いのちのたま,とつげきチョッキ
ウーラオス水,エースバーン,ジバコイル,ハッサム,トゲキッス,ガマゲロゲ,きあいのタスキ,いのちのたま,こだわりメガネ,こだわりハチマキ,たべのこし,しんぴのしずく
エースバーン,ウーラオス水,ドラパルト,ミミッキュ,ジバコイル,メタモン,ラムのみ,きあいのタスキ,いのちのたま,アッキのみ,こだわりメガネ,こだわりスカーフ
カバルドン,ギャラドス,ジバコイル,ゴリランダー,ウーラオス水,ミミッキュ,オボンのみ,いのちのたま,こだわりメガネ,こだわりハチマキ,きあいのタスキ,アッキのみ
ドラパルト,パッチラゴン,ウーラオス水,ポリゴン２,トゲキッス,カバルドン,いのちのたま,ラムのみ,こだわりハチマキ,しんかのきせき,こだわりスカーフ,オボンのみ
ポリゴン２,ガラガラ炎霊,アシレーヌ,ゴリランダー,パッチラゴン,ウーラオス水,しんかのきせき,ふといホネ,とつげきチョッキ,グラスシード,こだわりハチマキ,きあいのタスキ
リザードン,ウーラオス水,ゴリランダー,ミミッキュ,ドリュウズ,ポリゴン２,いのちのたま,きあいのタスキ,こだわりハチマキ,アッキのみ,こだわりスカーフ,しんかのきせき
エースバーン,ポリゴン２,ギルガルド,ウーラオス水,ミミッキュ,トゲキッス,いのちのたま,しんかのきせき,じゃくてんほけん,こだわりスカーフ,アッキのみ,ラムのみ
エースバーン,ミミッキュ,ゴリランダー,ロトム炎,ポリゴン２,ウーラオス水,いのちのたま,アッキのみ,こだわりハチマキ,こだわりスカーフ,しんかのきせき,きあいのタスキ
エースバーン,ニンフィア,ギャラドス,ホルード,ウーラオス水,トゲキッス,ラムのみ,たべのこし,いのちのたま,きあいのタスキ,こだわりスカーフ,カゴのみ
エースバーン,トゲキッス,ウーラオス水,ミミッキュ,ポリゴン２,ゴチルゼル,ラムのみ,こだわりスカーフ,きあいのタスキ,いのちのたま,しんかのきせき,カゴのみ
ポリゴン２,ドラパルト,ウーラオス水,エースバーン,トゲキッス,ミミッキュ,しんかのきせき,きあいのタスキ,こだわりスカーフ,いのちのたま,ラムのみ,チイラのみ
マリルリ,ドリュウズ,ウーラオス水,ドラパルト,ロトム炎,トゲキッス,とつげきチョッキ,きあいのタスキ,ラムのみ,いのちのたま,オボンのみ,カゴのみ
ウーラオス水,エースバーン,ミミッキュ,トゲキッス,カバルドン,ポリゴン２,きあいのタスキ,いのちのたま,アッキのみ,ラムのみ,オボンのみ,しんかのきせき
ヌメルゴン,ウーラオス水,ジバコイル,トゲキッス,アシレーヌ,ミミッキュ,たべのこし,きあいのタスキ,こだわりメガネ,ピントレンズ,オボンのみ,アッキのみ
トゲキッス,ウーラオス水,ハッサム,パッチラゴン,ポリゴン２,ミミッキュ,ピントレンズ,きあいのタスキ,こだわりハチマキ,いのちのたま,しんかのきせき,アッキのみ
ポリゴン２,ミミッキュ,ギガイアス,ウーラオス水,エースバーン,トゲキッス,しんかのきせき,ゴツゴツメット,いのちのたま,きあいのタスキ,ラムのみ,こだわりスカーフ
トゲキッス,ポリゴン２,ウーラオス水,ウオノラゴン,パッチラゴン,ゴチルゼル,ピントレンズ,しんかのきせき,きあいのタスキ,こだわりハチマキ,いのちのたま,カゴのみ
ドラパルト,エースバーン,ミミッキュ,ウーラオス水,ジバコイル,ポリゴン２,いのちのたま,ラムのみ,アッキのみ,きあいのタスキ,じゃくてんほけん,しんかのきせき
マリルリ,パッチラゴン,ウーラオス水,トゲキッス,エースバーン,ジュラルドン,とつげきチョッキ,ラムのみ,きあいのタスキ,こだわりスカーフ,いのちのたま,ヨプのみ
ドラパルト,ロトム炎,ウーラオス水,ブリムオン,ポリゴン２,ミミッキュ,たべのこし,こだわりスカーフ,きあいのタスキ,オボンのみ,しんかのきせき,ラムのみ
トゲキッス,ウーラオス水,パッチラゴン,エースバーン,ポリゴン２,ギャラドス,するどいくちばし,こだわりスカーフ,いのちのたま,きあいのタスキ,しんかのきせき,オボンのみ
カバルドン,ギャラドス,ウーラオス水,エースバーン,ラッキー,トゲキッス,アッキのみ,たべのこし,きあいのタスキ,いのちのたま,しんかのきせき,ラムのみ
バチンウニ,ライチュウ電超,ウーラオス水,ウインディ,トゲキッス,ポリゴン２,だっしゅつボタン,いのちのたま,こだわりスカーフ,オボンのみ,ピントレンズ,しんかのきせき
ドラパルト,エースバーン,ウーラオス水,バンギラス,ポリゴン２,ジバコイル,いのちのたま,ラムのみ,きあいのタスキ,じゃくてんほけん,しんかのきせき,こだわりメガネ
パッチラゴン,カバルドン,ポリゴン２,トゲキッス,ジバコイル,ウーラオス水,いのちのたま,アッキのみ,しんかのきせき,たべのこし,こだわりメガネ,こだわりスカーフ
ウーラオス水,ミミッキュ,ジバコイル,ポリゴン２,ウインディ,トゲキッス,こだわりスカーフ,アッキのみ,とつげきチョッキ,しんかのきせき,オボンのみ,ラムのみ
ストリンダー高,ウーラオス水,ドラパルト,トゲキッス,ウインディ,ポリゴン２,とつげきチョッキ,こだわりハチマキ,いのちのたま,ラムのみ,オボンのみ,しんかのきせき
ロトム水,リザードン,トゲキッス,ニンフィア,ウーラオス水,ホルード,とつげきチョッキ,いのちのたま,こだわりスカーフ,たべのこし,じゃくてんほけん,きあいのタスキ
カバルドン,ギャラドス,ゴリランダー,ウーラオス水,カビゴン,パッチラゴン,オボンのみ,ラムのみ,グラスシード,きあいのタスキ,フィラのみ,こだわりスカーフ
トゲキッス,エースバーン,カバルドン,ポリゴン２,ウーラオス水,オーロンゲ,カゴのみ,いのちのたま,アッキのみ,しんかのきせき,ラムのみ,きあいのタスキ
ウーラオス水,オーロンゲ,パッチラゴン,ハッサム,エースバーン,ラプラス,こだわりスカーフ,きあいのタスキ,いのちのたま,こだわりハチマキ,ラムのみ,じゃくてんほけん
ポリゴン２,カバルドン,ウーラオス水,アシレーヌ,ハッサム,エースバーン,しんかのきせき,アッキのみ,きあいのタスキ,たべのこし,ラムのみ,いのちのたま
バイバニラ,ドラパルト,パッチラゴン,ハッサム,ミミッキュ,ウーラオス水,きあいのタスキ,いのちのたま,こだわりスカーフ,こだわりハチマキ,アッキのみ,じゃくてんほけん
ウインディ,ウーラオス水,ミミッキュ,ウォーグル,キュワワー,ポリゴン２,とつげきチョッキ,きあいのタスキ,アッキのみ,ラムのみ,たべのこし,しんかのきせき
エースバーン,ウーラオス水,カバルドン,ポリゴン２,ドラパルト,トゲキッス,こだわりスカーフ,ラムのみ,アッキのみ,しんかのきせき,きあいのタスキ,カゴのみ
カバルドン,エースバーン,ポリゴン２,ウーラオス水,ゴリランダー,パッチラゴン,アッキのみ,こだわりスカーフ,しんかのきせき,きあいのタスキ,こだわりハチマキ,いのちのたま
カバルドン,トゲキッス,ロトム炎,ウーラオス水,ミミッキュ,ゴリランダー,オボンのみ,するどいくちばし,とつげきチョッキ,きあいのタスキ,アッキのみ,きせきのタネ
カバルドン,ドラパルト,トゲキッス,エースバーン,ポリゴン２,ウーラオス水,アッキのみ,きあいのタスキ,ラムのみ,いのちのたま,しんかのきせき,こだわりハチマキ
エースバーン,カバルドン,ミミッキュ,ポリゴン２,トゲキッス,ウーラオス水,いのちのたま,オボンのみ,アッキのみ,しんかのきせき,ラムのみ,こだわりハチマキ
ウーラオス水,ジバコイル,トゲキッス,ミミッキュ,ウインディ,アシレーヌ,きあいのタスキ,こだわりメガネ,ピントレンズ,アッキのみ,いのちのたま,じゃくてんほけん
フシギバナ,コータス,トゲキッス,ウーラオス水,ミミッキュ,ドサイドン,いのちのたま,だっしゅつパック,ラムのみ,きあいのタスキ,アッキのみ,じゃくてんほけん
エアームド,ウーラオス水,エースバーン,シザリガー,トゲキッス,ミミッキュ,オッカのみ,こだわりスカーフ,いのちのたま,きあいのタスキ,カゴのみ,ラムのみ
