p1,p2,p3,p4,p5,p6
カバルドン,ザシアン,カイオーガ,サンダー電,ウーラオス悪,ドラパルト
バドレックス黒,サンダー電,ウーラオス悪,ガブリアス,ラッキー,ザシアン
ザシアン,ディアルガ,サンダー電,ガマゲロゲ,メタモン,ウーラオス悪
バドレックス黒,ザシアン,ウーラオス悪,ナマコブシ,ラッキー,ガマゲロゲ
ザシアン,カイオーガ,ウーラオス悪,ポリゴン２,カバルドン,サンダー電
バドレックス黒,ザシアン,ガマゲロゲ,ウーラオス悪,ナマコブシ,ランドロス霊
ザシアン,バドレックス黒,ランドロス霊,ウーラオス悪,ハピナス,ヌオー
バシャーモ,ウオノラゴン,ザシアン,マンムー,ウーラオス悪,サンダー電
カバルドン,ウツロイド,ナットレイ,カイリュー,ヤドキング毒超,ウーラオス悪
ゴチルゼル,マンムー,ムゲンダイナ,ウーラオス悪,ゴリランダー,ヌオー
ムゲンダイナ,ミミッキュ,パルシェン,ゴチルゼル,ヌオー,ウーラオス悪
ムゲンダイナ,ハッサム,ゴリランダー,ランドロス霊,ウーラオス悪,ウオノラゴン
ゲンガー,ランドロス霊,ザシアン,ウーラオス悪,スイクン,サンダー電
タチフサグマ,ゼルネアス,ウーラオス悪,ゴリランダー,クレッフィ,メタモン
ザシアン,ウーラオス悪,バンギラス,マッシブーン,トリトドン,シャンデラ
ザシアン,ヒードラン,ウーラオス悪,サンダー電,ロトム水,メタモン
ザシアン,ランドロス霊,ミロカロス,ラティアス,ウーラオス悪,マンムー
ルナアーラ,ウーラオス悪,ガマゲロゲ,バルジーナ,コータス,ピクシー
バドレックス黒,カプ・レヒレ,サンダー電,ゴリランダー,ウーラオス悪,ヒードラン
ホウオウ,ドヒドイデ,バンギラス,ヌオー,ランターン,ウーラオス悪
ザシアン,ドヒドイデ,ランドロス霊,ウーラオス悪,ポリゴン２,ラティアス
アシレーヌ,ウーラオス悪,ヒードラン,テッカグヤ,ヌオー,ムゲンダイナ
ザシアン,ランドロス霊,ウオノラゴン,ウーラオス悪,ゴチルゼル,ポリゴン２
カイオーガ,ナットレイ,サンダー電,カイリュー,ウーラオス悪,ミミッキュ
バドレックス黒,ウーラオス悪,ランドロス霊,サンダー電,ピクシー,ヒードラン
カイオーガ,サンダー電,ナットレイ,ポリゴン２,ウーラオス悪,ドラパルト
ザシアン,サンダー電,マンムー,ドラパルト,ウーラオス悪,メタモン
ムゲンダイナ,テッカグヤ,ランドロス霊,アシレーヌ,ウーラオス悪,ゴチルゼル
ザシアン,サンダー電,マンムー,ウーラオス悪,ポリゴン２,ヒードラン
ザシアン,ドヒドイデ,ランドロス霊,カプ・テテフ,ウーラオス悪,ポリゴン２
ヒヒダルマ氷,ザシアン,サンダー電,ランドロス霊,ウーラオス悪,ポリゴン２
ムゲンダイナ,ヒードラン,ロトム水,マンムー,ウーラオス悪,メタグロス
カバルドン,ザシアン,サンダー電,ウーラオス悪,ゴリランダー,ヤドキング毒超
ムゲンダイナ,ランドロス霊,ウーラオス悪,カプ・レヒレ,ナットレイ,キュウコン氷妖
カバルドン,ザシアン,ドラパルト,ウーラオス悪,ウルガモス,スイクン
ザシアン,ランドロス霊,ヤドキング毒超,ウーラオス悪,キュウコン氷妖,ミロカロス
ムゲンダイナ,ランドロス霊,カミツルギ,スイクン,マンムー,ウーラオス悪
カバルドン,ザシアン,サンダー電,ポリゴン２,ウーラオス悪,ウオノラゴン
ロトム水,ウインディ,ピクシー,ヤドキング毒超,ウーラオス悪,ドラパルト
カイリュー,ウツロイド,ウーラオス悪,ジバコイル,ウオノラゴン,カミツルギ
サンダー電,ウーラオス悪,ポリゴン２,ドヒドイデ,ランドロス霊,ミミッキュ
グソクムシャ,ドリュウズ,サンダー電,アーゴヨン,ウーラオス悪,ポリゴン２
ゴリランダー,ウーラオス悪,レジエレキ,カプ・レヒレ,ランドロス霊,ヒードラン
カイリュー,カプ・テテフ,サンダー電,ウーラオス悪,ミミッキュ,ドサイドン
カプ・レヒレ,ランドロス霊,サンダー電,ウーラオス悪,キュウコン氷妖,ジバコイル
ラグラージ,サンダー電,ミミッキュ,カイリュー,ウーラオス悪,ヤドキング毒超
ラッキー,ドヒドイデ,カバルドン,ファイヤー炎,ドラパルト,ウーラオス悪
ストリンダー高,エースバーン,ゴリランダー,カイリュー,ウーラオス悪,ユクシー
カバルドン,ウツロイド,ナットレイ,ウーラオス悪,サンダー電,ドラパルト
サンダー電,カビゴン,ヒヒダルマ氷,ウーラオス悪,ゴリランダー,ゴチルゼル
ドラパルト,ランドロス霊,ウーラオス悪,カプ・レヒレ,ウツロイド,テッカグヤ
サンダー電,ウーラオス悪,キュウコン氷妖,ランドロス霊,ナットレイ,ミミッキュ
ウーラオス悪,ミミッキュ,カプ・レヒレ,ランドロス霊,テッカグヤ,エースバーン
エースバーン,ナマコブシ,ピクシー,ウーラオス悪,ポリゴン２,メタグロス
ドラパルト,サンダー電,ウーラオス悪,ミミッキュ,カプ・レヒレ,ポリゴン２
ランドロス霊,ウーラオス悪,ウオノラゴン,ウツロイド,サンダー電,カプ・レヒレ
ブリザポス,サンダー電,ウーラオス悪,ポリゴン２,ゴリランダー,カプ・コケコ
カバルドン,ウツロイド,サンダー電,ウーラオス悪,エースバーン,ミミッキュ
カバルドン,ウツロイド,ナットレイ,サンダー電,ウーラオス悪,ウオノラゴン
ウツロイド,ランドロス霊,サンダー電,ウーラオス悪,ドラパルト,ウオノラゴン
ウーラオス悪,ランドロス霊,ギルガルド,ウオノラゴン,ウツロイド,サンダー電
ドラパルト,カバルドン,ウツロイド,ナットレイ,ウーラオス悪,サンダー電
サンダー電,ウーラオス悪,ポリゴン２,ドヒドイデ,ランドロス霊,ヒードラン
カイリュー,ウーラオス悪,ポリゴン２,カプ・レヒレ,ヒードラン,ミミッキュ
ヌオー,ピクシー,ドータクン,ブリザポス,ウーラオス悪,カプ・コケコ
カバルドン,ウツロイド,サンダー電,ミミッキュ,ゴリランダー,ウーラオス悪
ガブリアス,ウツロイド,カプ・レヒレ,ヒードラン,サンダー電,ウーラオス悪
カメックス,ミミッキュ,マンムー,サンダー電,ウーラオス悪,エースバーン
ガブリアス,サンダー電,ウーラオス悪,ミミッキュ,カプ・レヒレ,ポリゴン２
エースバーン,サンダー電,ウーラオス悪,ランドロス霊,カプ・レヒレ,ポリゴン２
ドータクン,ポリゴン２,ヌオー,カイリュー,カプ・レヒレ,ウーラオス悪
カイリュー,テッカグヤ,カプ・レヒレ,ゴチルゼル,ドサイドン,ウーラオス悪
ウオノラゴン,ウーラオス悪,サンダー電,ランドロス霊,カプ・レヒレ,ポリゴン２
ウーラオス悪,ナットレイ,ウツロイド,サンダー電,モジャンボ,カバルドン
ラグラージ,カイリュー,ポリゴン２,ウオノラゴン,ミミッキュ,ウーラオス悪
カイリュー,ウーラオス悪,ミミッキュ,ポリゴン２,カプ・レヒレ,サンダー電
アーゴヨン,ポリゴン２,カバルドン,カミツルギ,カイリュー,ウーラオス悪
ポリゴン２,パッチラゴン,ミミッキュ,ヒヒダルマ氷,ウーラオス悪,ラプラス
ブリザポス,ポリゴン２,サンダー電,ウーラオス悪,ゴリランダー,カプ・コケコ
カプ・コケコ,ポリゴン２,エースバーン,アーゴヨン,ランドロス霊,ウーラオス悪
カバルドン,エースバーン,ラプラス,サンダー電,ウーラオス悪,ミミッキュ
ポリゴン２,ランドロス霊,エースバーン,ドヒドイデ,ウーラオス悪,サンダー電
エースバーン,サンダー電,カバルドン,カプ・レヒレ,ミミッキュ,ウーラオス悪
クレセリア,テッカグヤ,ウツロイド,カイリュー,ウーラオス悪,ラプラス
サンダー電,ウオノラゴン,ポリゴン２,ドヒドイデ,ガブリアス,ウーラオス悪
ミミッキュ,カバルドン,ボルトロス霊,ウーラオス悪,エースバーン,ポリゴン２
オンバーン,カプ・レヒレ,ドサイドン,ウーラオス悪,ウオノラゴン,ジバコイル
ドータクン,ポリゴン２,ヌオー,カイリュー,カプ・レヒレ,ウーラオス悪
ドラパルト,サンダー電,ウーラオス悪,ランドロス霊,ウツロイド,ウオノラゴン
ウーラオス悪,ポリゴン２,ドヒドイデ,ミミッキュ,カイリュー,バシャーモ
バシャーモ,ミミッキュ,ポリゴン２,サンダー電,ウオノラゴン,ウーラオス悪
カイリュー,ウーラオス悪,テッカグヤ,ミミッキュ,ガマゲロゲ,スイクン
アーゴヨン,カプ・レヒレ,ドサイドン,テッカグヤ,ジバコイル,ウーラオス悪
エースバーン,サンダー電,ウーラオス悪,ランドロス霊,カプ・レヒレ,ポリゴン２
サンダー電,ランドロス霊,ウーラオス悪,ドヒドイデ,ポリゴン２,ピクシー
ムゲンダイナ,ラッキー,ヌオー,ヌケニン,エースバーン,ウーラオス悪
カイオーガ,ナットレイ,サンダー電,カイリュー,エースバーン,ウーラオス悪
バドレックス白,カプ・レヒレ,ナットレイ,ウーラオス悪,カイリュー,シャンデラ
バドレックス黒,マリルリ,エースバーン,カバルドン,カイリュー,ウーラオス悪
ラグラージ,バドレックス黒,ウーラオス悪,トゲキッス,ポリゴン２,ナットレイ
ラグラージ,ザシアン,サンダー電,ドラパルト,ラッキー,ウーラオス悪
カイオーガ,サンダー電,ガブリアス,ヒードラン,ミミッキュ,ウーラオス悪
ザシアン,サンダー電,ウオノラゴン,ウーラオス悪,ポリゴン２,ランドロス霊
ムゲンダイナ,ミミッキュ,サンダー電,ウーラオス悪,ナットレイ,ウオノラゴン
ザシアン,サンダー電,ウーラオス悪,ポリゴン２,ラプラス,ドサイドン
ザシアン,サンダー電,ウインディ,ウーラオス悪,ガマゲロゲ,ヒヒダルマ氷
ザシアン,ランドロス霊,パッチラゴン,ウーラオス悪,ポリゴン２,ミロカロス
カバルドン,サンダー電,ザシアン,ズガドーン,ウーラオス悪,ウオノラゴン
ザシアン,ラグラージ,ミミッキュ,ウーラオス悪,ロトム水,ヒヒダルマ氷
ザシアン,ラプラス,サンダー電,ウーラオス悪,ハピナス,ヌオー
ネクロズマ日,サンダー電,マンムー,ミミッキュ,ウーラオス悪,マリルリ
バドレックス白,ガオガエン,カプ・コケコ,ランドロス霊,ウーラオス悪,ミミッキュ
ムゲンダイナ,テッカグヤ,サンダー電,ラッキー,ウーラオス悪,メタモン
サンダー電,ザシアン,ウーラオス悪,ラプラス,バンギラス,ヌオー
ウオノラゴン,ラグラージ,ラプラス,ウーラオス悪,ロトム炎,ザシアン
ゼルネアス,クレッフィ,ウーラオス悪,エースバーン,ランドロス霊,ラティアス
レシラム,サンダー電,ポリゴン２,ウオノラゴン,ウーラオス悪,ミミッキュ
バドレックス黒,カバルドン,ドリュウズ,ウーラオス悪,ウオノラゴン,サンダー電
ゼルネアス,クレッフィ,ランクルス,サンダー電,ウーラオス悪,ガブリアス
バドレックス白,ドヒドイデ,ランドロス霊,ロトム炎,ウーラオス悪,カプ・レヒレ
バドレックス黒,サンダー電,エースバーン,ウーラオス悪,ポリゴン２,トリトドン
ザシアン,ミミッキュ,ウーラオス悪,カバルドン,サンダー電,バシャーモ
ラプラス,ザシアン,カイリュー,ウーラオス悪,サンダー電,カバルドン
ムゲンダイナ,ラプラス,ヌオー,エースバーン,ウーラオス悪,テッカグヤ
バドレックス黒,サンダー電,ヒードラン,ウーラオス悪,ランドロス霊,ブリザポス
ザシアン,ポリゴン２,エースバーン,ウーラオス悪,サンダー電,ゴチルゼル
バドレックス黒,サンダー電,ランドロス霊,ナットレイ,バンギラス,ウーラオス悪
ウーラオス悪,ロトム水,エースバーン,ムゲンダイナ,ミミッキュ,カビゴン
カイオーガ,ゴリランダー,サンダー電,ドラパルト,ドリュウズ,ウーラオス悪
マリルリ,キュレム白,ランドロス霊,ヒードラン,カプ・コケコ,ウーラオス悪
ザシアン,サンダー電,ウーラオス悪,ドラパルト,ポリゴン２,ラグラージ
エースバーン,ウーラオス悪,ザシアン,ラグラージ,サンダー電,ドラパルト
ジガルデ,サンダー電,カプ・レヒレ,エースバーン,ウーラオス悪,メタモン
ネクロズマ日,ラグラージ,サンダー電,カイリュー,ウーラオス悪,ミミッキュ
ムゲンダイナ,ロトム水,ウーラオス悪,ランドロス霊,サンダー電,ブリザポス
バドレックス黒,ウーラオス悪,ウオノラゴン,サンダー電,ヒードラン,ミミッキュ
バドレックス黒,サンダー電,マリルリ,ドサイドン,ウーラオス悪,カイリュー
コータス,ミミッキュ,イベルタル,ウーラオス悪,ラッキー,ヌオー
エースバーン,サンダー電,ムゲンダイナ,ランドロス霊,ウーラオス悪,ミミッキュ
カイオーガ,ウーラオス悪,レジエレキ,サンダー電,ランドロス化,ウオノラゴン
カバルドン,ザシアン,サンダー電,カビゴン,ラプラス,ウーラオス悪
カイオーガ,サンダー電,ナットレイ,ランドロス霊,ミミッキュ,ウーラオス悪
ネクロズマ日,サンダー電,ウオノラゴン,ウーラオス悪,ヒヒダルマ氷,カバルドン
ザシアン,サンダー電,カバルドン,エースバーン,ウーラオス悪,ラプラス
カイオーガ,サンダー電,ナットレイ,ガブリアス,ウーラオス悪,ミミッキュ
ザシアン,ラグラージ,サンダー電,ドラパルト,ウーラオス悪,ヒードラン
ネクロズマ日,ラグラージ,ウーラオス悪,ミミッキュ,サンダー電,メタモン
ネクロズマ日,カイリュー,サンダー電,ラグラージ,ウーラオス悪,ミミッキュ
カイオーガ,エースバーン,ランドロス霊,ウーラオス悪,カプ・コケコ,ドラパルト
ザシアン,ウーラオス悪,ニンフィア,サンダー電,ラグラージ,ナットレイ
ザシアン,ラプラス,サンダー電,ドサイドン,エンテイ,ウーラオス悪
ネクロズマ日,バシャーモ,マンムー,サンダー電,パッチラゴン,ウーラオス悪
サンダー電,カイオーガ,ナットレイ,ランドロス霊,バンギラス,ウーラオス悪
ザシアン,サンダー電,ヌオー,ラッキー,バンギラス,ウーラオス悪
キュレム黒,カバルドン,ドリュウズ,サンダー電,カプ・レヒレ,ウーラオス悪
ヒヒダルマ氷,リザードン,グラードン,ボーマンダ,ウーラオス悪,カミツルギ
ムゲンダイナ,エースバーン,ウーラオス悪,メタモン,サンダー電,ラッキー
ラプラス,ザシアン,ウーラオス悪,サンダー電,バンギラス,ヌオー
カイオーガ,サンダー電,カイリュー,ウーラオス悪,ドリュウズ,ランクルス
バドレックス黒,サンダー電,ナットレイ,ウーラオス悪,ミミッキュ,カバルドン
タチフサグマ,ペンドラー,ウーラオス悪,ゴチルゼル,ガマゲロゲ,ネクロズマ日
ミミッキュ,ネクロズマ日,ウーラオス悪,オーロンゲ,サンダー電,ランドロス霊
カイオーガ,ゴリランダー,サンダー電,ドラパルト,ドリュウズ,ウーラオス悪
エースバーン,ジガルデ,ウーラオス悪,ナットレイ,カプ・レヒレ,テッカグヤ
バドレックス黒,サンダー電,ウーラオス悪,エースバーン,ゴリランダー,ドサイドン
ディアルガ,ファイヤー炎,ナットレイ,オーロンゲ,ウーラオス悪,クレセリア
ホウオウ,ランドロス霊,バンギラス,カプ・レヒレ,ナットレイ,ウーラオス悪
ラグラージ,バドレックス黒,サンダー電,バンギラス,ウーラオス悪,ミミッキュ
ゼルネアス,クレッフィ,ランドロス霊,ランクルス,ウーラオス悪,サンダー電
バドレックス黒,マリルリ,ヒードラン,ランドロス霊,サンダー電,ウーラオス悪
キュレム黒,サンダー電,ウーラオス悪,ドリュウズ,ヌオー,カバルドン
カイオーガ,サンダー電,エースバーン,ウーラオス悪,ナットレイ,ドサイドン
カイオーガ,サンダー電,ヒヒダルマ氷,ランドロス霊,エースバーン,ウーラオス悪
ムゲンダイナ,ポリゴン２,カバルドン,エースバーン,ウーラオス悪,ヒヒダルマ氷
ザシアン,ラグラージ,サンダー電,ウーラオス悪,エースバーン,ドラパルト
グラードン,リザードン,エースバーン,ミミッキュ,ウーラオス悪,ラティアス
カイオーガ,クレセリア,ウーラオス悪,サンダー電,ナットレイ,ドリュウズ
バドレックス黒,カバルドン,ウーラオス悪,ファイヤー炎,マリルリ,ポリゴン２
ウーラオス悪,ムゲンダイナ,ドータクン,ポリゴンＺ,ヌオー,サンダー電
ゼルネアス,サンダー電,ウーラオス悪,ヒードラン,ドラパルト,メタモン
バドレックス白,シャンデラ,カプ・レヒレ,ナットレイ,ウーラオス悪,カイリュー
ホウオウ,ランドロス霊,サンダー電,ウーラオス悪,ポリゴン２,トリトドン
ラプラス,サンダー電,バンギラス,ウーラオス悪,ヌオー,ザシアン
ディアルガ,ウーラオス悪,サンダー電,ヒヒダルマ氷,ドリュウズ,カプ・レヒレ
エースバーン,サンダー電,バドレックス黒,ウーラオス悪,ドサイドン,カプ・レヒレ
レシラム,カプ・テテフ,ファイヤー悪,ミミッキュ,ウーラオス悪,カバルドン
キュレム黒,ミミッキュ,ウーラオス悪,ランドロス霊,バシャーモ,オーロンゲ
カバルドン,エースバーン,ウーラオス悪,サンダー電,ラプラス,ザシアン
バドレックス黒,ウーラオス悪,サンダー電,マリルリ,サンドパン氷鋼,ナックラー
マリルリ,ゼルネアス,ドリュウズ,ウーラオス悪,ロトム水,メタモン
サンダー電,ザシアン,ウーラオス悪,ガマゲロゲ,ヒードラン,ヒヒダルマ氷
カプ・レヒレ,ボルトロス化,ザシアン,トリトドン,エースバーン,ウーラオス悪
ザシアン,ミミッキュ,ウーラオス悪,ロトム水,ランドロス霊,ヒードラン
ネクロズマ日,サンダー電,カプ・レヒレ,ポリゴン２,ウーラオス悪,ドラパルト
ザシアン,カバルドン,ウーラオス悪,ドラパルト,サンダー電,ポリゴン２
カイオーガ,サンダー電,ドラパルト,ウーラオス悪,エースバーン,ヒヒダルマ氷
カバルドン,ザシアン,サンダー電,ラプラス,ウーラオス悪,カビゴン
ムゲンダイナ,テッカグヤ,サンダー電,ラッキー,ウーラオス悪,メタモン
リザードン,コータス,ザシアン,ラプラス,ヌオー,ウーラオス悪
バドレックス黒,カプ・レヒレ,サンダー電,ドサイドン,ナットレイ,ウーラオス悪
バドレックス黒,カバルドン,エースバーン,ウオノラゴン,ウーラオス悪,ドリュウズ
バシャーモ,カイオーガ,ナットレイ,サンダー電,ウーラオス悪,ランドロス霊
カバルドン,ザシアン,サンダー電,ウーラオス悪,ポリゴン２,ゴチルゼル
ザシアン,サンダー電,ガブリアス,カバルドン,ウーラオス悪,メタモン
バドレックス白,ドヒドイデ,カプ・レヒレ,ウーラオス悪,ホルード,ロトム炎
ザシアン,サンダー電,ウインディ,ポリゴン２,ウーラオス悪,パッチラゴン
ザシアン,ガブリアス,サンダー電,ウーラオス悪,ポリゴン２,ガマゲロゲ
ザシアン,ロトム炎,ボルトロス化,ランドロス霊,ラプラス,ウーラオス悪
ディアルガ,カプ・レヒレ,ウーラオス悪,ゴリランダー,サンダー電,ランドロス霊
ネクロズマ日,ガマゲロゲ,カバルドン,ブラッキー,ウーラオス悪,サンダー電
ザシアン,ラグラージ,サンダー電,ポリゴン２,ウーラオス悪,ウオノラゴン
ドラパルト,カイオーガ,ランドロス霊,サンダー電,ヒードラン,ウーラオス悪
ザシアン,ラプラス,サンダー電,ウーラオス悪,ラッキー,ヌオー
エースバーン,ザシアン,ラグラージ,ウーラオス悪,ボルトロス霊,カプ・レヒレ
ザシアン,カイリュー,ラグラージ,ウーラオス悪,ポリゴン２,サンダー電
カイオーガ,サンダー電,ウーラオス悪,ランドロス霊,ナットレイ,ラッキー
ラグラージ,ネクロズマ日,ギャラドス,サンダー電,バシャーモ,ウーラオス悪
カイオーガ,サンダー電,ナットレイ,ドサイドン,ヒヒダルマ氷,ウーラオス悪
レジエレキ,メタモン,ランドロス霊,ウーラオス悪,ナットレイ,バドレックス黒
バドレックス黒,ポリゴン２,ドヒドイデ,サンダー電,ドリュウズ,ウーラオス悪
ザシアン,サンダー電,ロトム炎,カイリュー,ガマゲロゲ,ウーラオス悪
バドレックス黒,カバルドン,マリルリ,ナットレイ,ウインディ,ウーラオス悪
ザシアン,ウーラオス悪,サンダー電,ウオノラゴン,ドヒドイデ,ドサイドン
ネクロズマ日,ドラパルト,サンダー電,ウーラオス悪,トリトドン,ニンフィア
ザシアン,サンダー電,ウーラオス悪,カイリュー,ガマゲロゲ,ロトム炎
サンダー電,ゼルネアス,ラグラージ,メタモン,ウーラオス悪,ナットレイ
バドレックス黒,カバルドン,サンダー電,ウーラオス悪,マリルリ,ドリュウズ
ラプラス,ザシアン,カバルドン,サンダー電,エースバーン,ウーラオス悪
カイオーガ,カイリュー,ウーラオス悪,サンダー電,ドリュウズ,ランクルス
ムゲンダイナ,テッカグヤ,レジエレキ,ウーラオス悪,メタグロス,カバルドン
バドレックス黒,アーマーガア,カバルドン,ウーラオス悪,ポリゴン２,マリルリ
カイオーガ,ハッサム,サンダー電,ランドロス霊,ラッキー,ウーラオス悪
ネクロズマ日,エンテイ,ウーラオス悪,カプ・レヒレ,ランドロス霊,サンダー電
ネクロズマ日,ランドロス霊,カプ・レヒレ,レジエレキ,ウーラオス悪,ラティアス
キュレム黒,ヒードラン,ヌオー,サンダー電,ウーラオス悪,モロバレル
ウーラオス悪,ミミッキュ,カイオーガ,サンダー電,メタグロス,ガブリアス
ザシアン,サンダー電,カバルドン,エースバーン,ウーラオス悪,ラプラス
ザシアン,ラプラス,ボルトロス霊,ガラガラ炎霊,カバルドン,ウーラオス悪
ムゲンダイナ,ランドロス霊,メタグロス,ラプラス,ウーラオス悪,ミミッキュ
バドレックス白,ヌオー,ウツロイド,マリルリ,ウーラオス悪,サンダー電
カバルドン,バドレックス黒,ウーラオス悪,サンダー電,ランドロス霊,マリルリ
サンダー電,ジバコイル,ウーラオス悪,ランドロス霊,カイオーガ,ミミッキュ
カイオーガ,ランドロス霊,サンダー電,ヒードラン,ウーラオス悪,メタモン
ガマゲロゲ,パッチラゴン,リザードン,ザシアン,ウーラオス悪,ウオノラゴン
グラードン,シャンデラ,ミミッキュ,ウーラオス悪,カイリュー,ウツロイド
カイオーガ,ドリュウズ,カバルドン,ミミッキュ,ウーラオス悪,ヒヒダルマ氷
カバルドン,カイオーガ,サンダー電,ゴリランダー,ヒードラン,ウーラオス悪
ルギア,レジエレキ,ウインディ,ドリュウズ,ウーラオス悪,カプ・レヒレ
マリルリ,キュレム白,ランドロス霊,ヒードラン,カプ・コケコ,ウーラオス悪
ザシアン,サンダー電,ウーラオス悪,ラプラス,ガマゲロゲ,ボルトロス霊
ザシアン,サンダー電,ヌオー,ラプラス,ウーラオス悪,バンギラス
バドレックス黒,カバルドン,ウーラオス悪,マリルリ,サンダー電,カミツルギ
ホウオウ,ナットレイ,トリトドン,バンギラス,サンダー電,ウーラオス悪
ホウオウ,ナットレイ,カプ・レヒレ,ウーラオス悪,ガマゲロゲ,ミミッキュ
イベルタル,ウオノラゴン,ウーラオス悪,テッカグヤ,サンダー電,ヒードラン
グラードン,エースバーン,ラティアス,ウーラオス悪,ミミッキュ,ラプラス
サンダー電,ムゲンダイナ,ウーラオス悪,ヒヒダルマ氷,ラッキー,ナマコブシ
エースバーン,ガブリアス,ウーラオス悪,ルージュラ,サンダー電,ネクロズマ日
ガマゲロゲ,ロトム炎,ウーラオス悪,サンダー電,カイリュー,ザシアン
カイオーガ,ドリュウズ,サンダー電,ミミッキュ,ナットレイ,ウーラオス悪
カイオーガ,サンダー電,ガブリアス,ナットレイ,ミミッキュ,ウーラオス悪
ザシアン,ラプラス,サンダー電,ドサイドン,ヒードラン,ウーラオス悪
ザシアン,ドサイドン,ラプラス,サンダー電,ガマゲロゲ,ウーラオス悪
ザシアン,サンダー電,ウーラオス悪,ドラパルト,ガマゲロゲ,ドサイドン
ザシアン,ウーラオス悪,ボルトロス霊,テッカグヤ,ラプラス,ガブリアス
ザシアン,サンダー電,ガマゲロゲ,ウーラオス悪,ドラパルト,メタモン
カイオーガ,ナットレイ,サンダー電,ウーラオス悪,バンギラス,ランドロス霊
ゼルネアス,エースバーン,ボルトロス化,ウーラオス悪,ランドロス霊,ゴチルゼル
カバルドン,ドリュウズ,バドレックス黒,ウーラオス悪,サンダー電,カプ・レヒレ
カプ・レヒレ,ネクロズマ日,ウーラオス悪,サンダー電,カイリュー,ガマゲロゲ
ランドロス霊,ラプラス,ネクロズマ日,ミミッキュ,ウーラオス悪,サンダー電
イベルタル,ガマゲロゲ,ヒードラン,ランドロス霊,カプ・コケコ,ウーラオス悪
カイオーガ,ガマゲロゲ,ヒードラン,ウーラオス悪,バンギラス,サンダー電
ガブリアス,オニゴーリ,ウーラオス悪,テッカグヤ,ピクシー,カプ・レヒレ
ドリュウズ,サンダー電,カプ・レヒレ,ウーラオス悪,アーゴヨン,ミミッキュ
ラグラージ,サンダー電,ミミッキュ,エースバーン,ウーラオス悪,カミツルギ
エースバーン,サンダー電,ウツロイド,ウーラオス悪,ランドロス霊,ナットレイ
ランドロス霊,ウーラオス悪,ミミッキュ,サンダー電,バシャーモ,カプ・レヒレ
キュウコン氷妖,ボルトロス霊,ウーラオス悪,ラグラージ,テッカグヤ,ミミッキュ
エースバーン,ドヒドイデ,ラッキー,ミミッキュ,ウーラオス悪,サンダー電
ポリゴン２,パッチラゴン,バンギラス,ミミッキュ,ウーラオス悪,ラプラス
ボルトロス霊,カプ・レヒレ,ウーラオス悪,カイリュー,メタグロス,ミミッキュ
サンダー電,ラグラージ,カプ・テテフ,エースバーン,ミミッキュ,ウーラオス悪
ミミッキュ,ウーラオス悪,ランドロス霊,ウオノラゴン,ツンデツンデ,サンダー電
ボーマンダ,カプ・レヒレ,ミミッキュ,ウーラオス悪,ボルトロス霊,エースバーン
エースバーン,レジエレキ,ウーラオス悪,ランドロス霊,ミミッキュ,ポリゴン２
カバルドン,サンダー電,エースバーン,ウーラオス悪,ミミッキュ,カプ・レヒレ
ランドロス霊,ライコウ,カプ・レヒレ,エースバーン,ミミッキュ,ウーラオス悪
カバルドン,サンダー電,エースバーン,ポリゴン２,ウーラオス悪,ドヒドイデ
マリルリ,ウーラオス悪,ドサイドン,ミミッキュ,アーゴヨン,サンダー電
ラグラージ,サンダー電,ミミッキュ,ウーラオス悪,カイリュー,ポリゴン２
ウーラオス悪,サンダー電,ゴリランダー,ミミッキュ,ポリゴン２,エースバーン
ドラパルト,サンダー電,カバルドン,ポリゴン２,カプ・レヒレ,ウーラオス悪
カバルドン,エースバーン,ウーラオス悪,カイリュー,アーゴヨン,ピクシー
アーゴヨン,カプ・レヒレ,テッカグヤ,ジバコイル,ドサイドン,ウーラオス悪
ジバコイル,ウオノラゴン,サンダー電,ウーラオス悪,ドサイドン,ミミッキュ
カイリュー,テッカグヤ,ウーラオス悪,ガブリアス,ナマコブシ,ハピナス
ピカチュウ,カイリュー,ミミッキュ,ポリゴン２,ドヒドイデ,ウーラオス悪
ニンフィア,ジバコイル,ギャラドス,ドサイドン,サンダー電,ウーラオス悪
ドータクン,ポリゴン２,ウーラオス悪,カイリュー,ヌオー,カプ・レヒレ
ボルトロス霊,ウーラオス悪,ポリゴン２,ドヒドイデ,カイリュー,ミミッキュ
キュウコン氷妖,スイクン,ランドロス霊,ウーラオス悪,カイリュー,エースバーン
ランドロス霊,エースバーン,サンダー電,ウーラオス悪,ミミッキュ,キュウコン氷妖
レジエレキ,ランドロス霊,ポリゴン２,ウオノラゴン,ウーラオス悪,テッカグヤ
ウーラオス悪,ナットレイ,ウツロイド,サンダー電,ミミッキュ,カバルドン
カイリュー,テッカグヤ,サンダー電,ドサイドン,ミミッキュ,ウーラオス悪
テッカグヤ,ランターン,ウツロイド,ウーラオス悪,ミミッキュ,カイリュー
テッカグヤ,ポリゴン２,カバルドン,サンダー電,カプ・レヒレ,ウーラオス悪
ガマゲロゲ,ウーラオス悪,カイリュー,ミミッキュ,ポリゴン２,テッカグヤ
カバルドン,ドラパルト,ポリゴン２,ウーラオス悪,サンダー電,カプ・レヒレ
カイリュー,ラグラージ,サンダー電,ポリゴン２,ミミッキュ,ウーラオス悪
サンダー電,ラグラージ,カミツルギ,カイリュー,ウーラオス悪,ポリゴン２
ラグラージ,カミツルギ,ウーラオス悪,カイリュー,ミミッキュ,サンダー電
カバルドン,サンダー電,ナットレイ,ミミッキュ,エースバーン,ウーラオス悪
サンダー電,ウーラオス悪,カイリュー,ウツロイド,ドリュウズ,カプ・レヒレ
ドリュウズ,ウーラオス悪,ブリザポス,テッカグヤ,ウオノラゴン,レジエレキ
ラグラージ,サンダー電,ギャラドス,アーゴヨン,ブリザポス,ウーラオス悪
カバルドン,テッカグヤ,エースバーン,ボルトロス化,ウーラオス悪,ミミッキュ
ドリュウズ,サンダー電,ウーラオス悪,カイリュー,ブリザポス,カプ・レヒレ
ミミッキュ,サンダー電,レジドラゴ,テッカグヤ,ウーラオス悪,ポリゴン２
ランドロス霊,ミミッキュ,ウーラオス悪,ジバコイル,カプ・テテフ,ドラパルト
ボスゴドラ,アーゴヨン,ランドロス霊,ウーラオス悪,カプ・コケコ,ミミッキュ
カイリュー,ポリゴン２,ドサイドン,ウーラオス悪,ミミッキュ,ジバコイル
ラグラージ,カイリュー,サンダー電,カミツルギ,ウーラオス悪,ヒヒダルマ氷
ポリゴン２,ミミッキュ,ウーラオス悪,ランドロス霊,カプ・レヒレ,パッチラゴン
バイバニラ,ラグラージ,カイリュー,カミツルギ,ヒードラン,ウーラオス悪
エースバーン,サンダー電,ラッキー,ドヒドイデ,ミミッキュ,ウーラオス悪
カバルドン,ウーラオス悪,サンダー電,ミミッキュ,ゴリランダー,エースバーン
レジエレキ,ウオノラゴン,ポリゴン２,エースバーン,エアームド,ウーラオス悪
カバルドン,サンダー電,ウーラオス悪,ドラパルト,ポリゴン２,カプ・レヒレ
ウーラオス悪,ナットレイ,カイリュー,ミミッキュ,ドサイドン,カプ・レヒレ
サンダー電,ウオノラゴン,マンムー,カプ・レヒレ,ウーラオス悪,ミミッキュ
サンダー電,ラグラージ,ウーラオス悪,ミミッキュ,カミツルギ,エースバーン
ウーラオス悪,ポリゴン２,ドヒドイデ,サンダー電,カイリュー,ミミッキュ
バンギラス,ランドロス霊,カプ・レヒレ,ナットレイ,サンダー電,ウーラオス悪
レジアイス,サンダー電,ポリゴン２,マニューラ,ミミッキュ,ウーラオス悪
ヒヒダルマ氷,ドサイドン,サンダー電,ラッキー,ドヒドイデ,ウーラオス悪
ウツロイド,ウーラオス悪,カイリュー,ドリュウズ,カプ・レヒレ,サンダー電
パッチラゴン,ヒヒダルマ氷,カミツルギ,ラグラージ,ウーラオス悪,ポリゴン２
サンダー電,ウーラオス悪,ランドロス霊,ラッキー,ヌオー,ドヒドイデ
ファイヤー炎,ドリュウズ,キュウコン氷妖,カミツルギ,ウーラオス悪,パッチラゴン
カバルドン,カミツルギ,ミミッキュ,ウーラオス悪,ラプラス,カイリュー
サンダー電,ラッキー,ドヒドイデ,フェローチェ,ウーラオス悪,カミツルギ
サンダー電,ミミッキュ,ラグラージ,ピクシー,ウーラオス悪,テッカグヤ
カビゴン,ウーラオス悪,パッチラゴン,クレセリア,インテレオン,ランドロス霊
パッチラゴン,ウオノラゴン,ウーラオス悪,トゲキッス,ポリゴン２,ミミッキュ
テッカグヤ,ガブリアス,ウオノラゴン,クレセリア,ウーラオス悪,ウツロイド
ウーラオス悪,ウツロイド,ナットレイ,サンダー電,ミミッキュ,カバルドン
カバルドン,サンダー電,ナットレイ,ウーラオス悪,ドラパルト,ミミッキュ
ガブリアス,ブリザポス,カプ・レヒレ,ウーラオス悪,アーゴヨン,サンダー電
クレセリア,ランターン,テッカグヤ,ミミッキュ,ウーラオス悪,ウツロイド
カイリュー,サンダー電,ドリュウズ,ミミッキュ,カプ・レヒレ,ウーラオス悪
ボルトロス霊,カプ・レヒレ,ナットレイ,ウーラオス悪,ランドロス霊,ミミッキュ
ドラパルト,ウーラオス悪,ポリゴン２,ドヒドイデ,ドリュウズ,サンダー電
サンダー電,ウオノラゴン,ナットレイ,カバルドン,ウーラオス悪,ミミッキュ
サンダー電,ドヒドイデ,ドサイドン,ポリゴン２,ウオノラゴン,ウーラオス悪
カバルドン,ボーマンダ,ジバコイル,カプ・レヒレ,ウーラオス悪,ウツロイド
サンダー電,ウオノラゴン,レジエレキ,ウーラオス悪,ナットレイ,エースバーン
ニョロトノ,キングドラ,レジエレキ,ランドロス霊,テッカグヤ,ウーラオス悪
ブリザポス,レジエレキ,ウーラオス悪,サンダー闘,ガラガラ炎霊,ミミッキュ
ギャラドス,パッチラゴン,ウーラオス悪,サンダー電,ポリゴン２,カプ・レヒレ
ファイヤー悪,ウーラオス悪,オーロンゲ,バンギラス,マニューラ,ミカルゲ
ウーラオス悪,ラッキー,カバルドン,カプ・レヒレ,エースバーン,サンダー電
ウーラオス悪,カバルドン,テッカグヤ,ミミッキュ,ウツロイド,ギャラドス
パッチルドン,ジバコイル,ドサイドン,カイリュー,ウオノラゴン,ウーラオス悪
ポリゴン２,ランドロス霊,ミミッキュ,ライコウ,ドヒドイデ,ウーラオス悪
ウーラオス悪,サンダー電,カバルドン,ウツロイド,ポリゴン２,ナマコブシ
ポリゴン２,クレセリア,ランドロス霊,ウーラオス悪,アーゴヨン,ドヒドイデ
ガブリアス,ウーラオス悪,カプ・レヒレ,アーゴヨン,ブリザポス,サンダー電
ウーラオス悪,サンダー電,カバルドン,ハピナス,ラプラス,ミミッキュ
サンダー電,エースバーン,ウーラオス悪,ジバコイル,カプ・レヒレ,ランドロス霊
ウツロイド,ウーラオス悪,サンダー電,ウオノラゴン,ポリゴン２,ミミッキュ
ウオノラゴン,ブリザポス,オーロンゲ,ドリュウズ,ウーラオス悪,サンダー電
エースバーン,カプ・レヒレ,ウツロイド,クレセリア,ゴリランダー,ウーラオス悪
サンダー電,ウオノラゴン,ミミッキュ,ウーラオス悪,ガマゲロゲ,ジバコイル
ウオノラゴン,ミミッキュ,ウーラオス悪,アーゴヨン,ポリゴン２,ジバコイル
ウーラオス悪,ミミッキュ,ボルトロス霊,カプ・レヒレ,カイリュー,ゴリランダー
サンダー電,カミツルギ,エースバーン,ウーラオス悪,ミミッキュ,ウオノラゴン
エースバーン,サンダー電,ナットレイ,ランドロス霊,ウツロイド,ウーラオス悪
カバルドン,サンダー電,ウツロイド,カミツルギ,ウーラオス悪,ドラパルト
ウオノラゴン,サンダー電,ウーラオス悪,ミミッキュ,ジバコイル,ランドロス霊
エースバーン,ミミッキュ,ブリザポス,ウーラオス悪,カプ・レヒレ,カイリュー
カバルドン,ウツロイド,サンダー電,ミミッキュ,ゴリランダー,ウーラオス悪
サンダー電,カバルドン,ラッキー,カプ・レヒレ,ウーラオス悪,ウオノラゴン
レジエレキ,ウーラオス悪,ミミッキュ,ボーマンダ,ゴリランダー,ヒヒダルマ氷
ウーラオス悪,ジバコイル,ランドロス霊,ウツロイド,ドラパルト,カプ・レヒレ
ウーラオス悪,ラグラージ,ボーマンダ,ナットレイ,ミミッキュ,サンダー電
カミツルギ,ラグラージ,サンダー電,カプ・レヒレ,ガブリアス,ウーラオス悪
エムリット,ポリゴン２,パッチラゴン,トゲキッス,カバルドン,ウーラオス悪
ブリザポス,ラッキー,ヌオー,エアームド,ウーラオス悪,サンダー電
カメックス,ボルトロス化,ナットレイ,ウツロイド,ランドロス霊,ウーラオス悪
カバルドン,サンダー電,ナットレイ,ウツロイド,ウーラオス悪,ミミッキュ
カプ・レヒレ,ファイヤー炎,バンギラス,マンムー,ウオノラゴン,ウーラオス悪
サンダー電,ドサイドン,カプ・レヒレ,カミツルギ,ミミッキュ,ウーラオス悪
サンダー電,ナットレイ,カバルドン,アーゴヨン,ウーラオス悪,ウオノラゴン
ボルトロス化,ランドロス霊,ウオノラゴン,ウーラオス悪,ミミッキュ,フェローチェ
ウオノラゴン,サンダー電,ドサイドン,ナットレイ,ミミッキュ,ウーラオス悪
ドラパルト,エースバーン,ウーラオス悪,カプ・コケコ,クレセリア,ブリザポス
カバルドン,サンダー電,ウオノラゴン,ポリゴン２,ウーラオス悪,ナットレイ
カバルドン,サンダー電,ナットレイ,ウツロイド,ウーラオス悪,ミミッキュ
アーゴヨン,ロトム水,ウーラオス悪,ミミッキュ,ウツロイド,ドリュウズ
ドラパルト,ミミッキュ,エースバーン,カプ・レヒレ,ポリゴン２,ウーラオス悪
ボーマンダ,ウーラオス悪,ミミッキュ,ラッキー,ドヒドイデ,ランドロス霊
ドラパルト,ギャラドス,ジバコイル,ウーラオス悪,ランクルス,ピクシー
ウーラオス悪,サンダー電,カプ・レヒレ,ナットレイ,ウツロイド,ランドロス霊
エースバーン,ミミッキュ,ブリザポス,ウーラオス悪,カプ・レヒレ,カイリュー
エースバーン,サンダー電,ドラパルト,ウーラオス悪,ハピナス,カバルドン
ドヒドイデ,ナットレイ,ウーラオス悪,ウツロイド,サンダー電,ウオノラゴン
ランドロス霊,ドヒドイデ,レジアイス,ウーラオス悪,カプ・レヒレ,サンダー電
ボーマンダ,ウーラオス悪,カプ・レヒレ,ジバコイル,カバルドン,ウツロイド
サンダー電,ドサイドン,ナットレイ,ドヒドイデ,ウーラオス悪,ミミッキュ
カイリュー,サンダー電,ウオノラゴン,ポリゴン２,ミミッキュ,ウーラオス悪
サンダー電,ドラパルト,カプ・レヒレ,ウーラオス悪,ポリゴン２,ウオノラゴン
ボルトロス化,エースバーン,ラティアス,カバルドン,ミミッキュ,ウーラオス悪
ミミッキュ,ランドロス霊,ウーラオス悪,ウオノラゴン,ポリゴン２,エースバーン
ドラパルト,サンダー電,ドリュウズ,カプ・レヒレ,ウルガモス,ウーラオス悪
ラグラージ,ボーマンダ,カミツルギ,ミミッキュ,ウーラオス悪,ジバコイル
ミミッキュ,ルガルガン黄昏,サンダー電,レジドラゴ,ポリゴン２,ウーラオス悪
フェローチェ,サンダー電,ドヒドイデ,ラッキー,ウーラオス悪,ミミッキュ
ウーラオス悪,ナットレイ,サンダー電,ドサイドン,エースバーン,ドラパルト
カバルドン,ウツロイド,ウーラオス悪,カミツルギ,ウオノラゴン,サンダー電
パッチラゴン,ウオノラゴン,テッカグヤ,ポリゴン２,ウーラオス悪,ミミッキュ
ウーラオス悪,サンダー電,レジエレキ,ブリザポス,ミミッキュ,ウオノラゴン
サンダー電,ウーラオス悪,エースバーン,ミミッキュ,ナットレイ,カバルドン
ウーラオス悪,ポリゴン２,ドヒドイデ,ウオノラゴン,サンダー電,ドリュウズ
ヒヒダルマ氷,カプ・レヒレ,ランドロス霊,サンダー電,ナットレイ,ウーラオス悪
エースバーン,サンダー電,カプ・レヒレ,ドリュウズ,ウーラオス悪,マンムー
エースバーン,ラプラス,ウーラオス悪,ミミッキュ,ランクルス,エルフーン
カバルドン,サンダー電,カミツルギ,ウーラオス悪,ガマゲロゲ,ミミッキュ
ブリザポス,カプ・コケコ,サンダー電,ポリゴン２,ゴリランダー,ウーラオス悪
テッカグヤ,クレセリア,ウーラオス悪,サンダー電,ランドロス霊,ウツロイド
ラグラージ,ウツロイド,サンダー電,エースバーン,クレセリア,ウーラオス悪
ポリゴンＺ,ウーラオス悪,ガマゲロゲ,レアコイル,モジャンボ,ハピナス
キュウコン氷妖,マリルリ,ポリゴンＺ,パッチラゴン,ゲンガー,ウーラオス悪
ウーラオス悪,パッチラゴン,モロバレル,アシレーヌ,ウルガモス,ゲンガー
ギルガルド,ストリンダー高,ウーラオス悪,アシレーヌ,ホルード,オンバーン
キュウコン氷妖,アシレーヌ,パッチラゴン,ギルガルド,ロトム炎,ウーラオス悪
ウーラオス悪,ロトム炎,モロバレル,ホルード,パッチラゴン,アシレーヌ
パッチラゴン,ゲンガー,アシレーヌ,ウーラオス悪,モロバレル,オーロンゲ
パッチラゴン,アシレーヌ,ホルード,ウーラオス悪,ウルガモス,ゲンガー
ウーラオス悪,ホルード,アシレーヌ,モロバレル,ロトム炎,ファイアロー
ロトム飛,バンバドロ,ナットレイ,アシレーヌ,ウーラオス悪,ゲンガー
ウインディ,ウーラオス悪,ポリゴンＺ,シルヴァディ,ニンフィア,マリルリ
ウルガモス,ウーラオス悪,ニンフィア,ガマゲロゲ,パッチラゴン,アーマーガア
ウーラオス悪,ドヒドイデ,リザードン,サザンドラ,サマヨール,マンムー
ランクルス,ヒヒダルマ氷,ハピナス,アシレーヌ,ウーラオス悪,アーマーガア
ストリンダー高,ウーラオス悪,ドサイドン,ニンフィア,モロバレル,ゲンガー
ウルガモス,パッチラゴン,サダイジャ,ウーラオス悪,ラプラス,ピクシー
パッチラゴン,ウーラオス悪,アシレーヌ,ホルード,モロバレル,ロトム炎
リザードン,ハピナス,ウーラオス悪,パッチラゴン,モロバレル,サニーゴ霊
キュウコン氷妖,オンバーン,アシレーヌ,ウーラオス悪,パッチルドン,ウインディ
ウォーグル,パッチラゴン,アシレーヌ,ナットレイ,マンムー,ウーラオス悪
キュウコン氷妖,カビゴン,ウーラオス悪,ロトム炎,パッチルドン,ウオノラゴン
ウーラオス悪,オーロンゲ,パッチラゴン,バイバニラ,ゲンガー,ブリムオン
ウーラオス悪,レアコイル,アシレーヌ,ホルード,オンバーン,ゲンガー
ニンフィア,ガマゲロゲ,アーマーガア,ウーラオス悪,ポリゴンＺ,ウインディ
ペンドラー,アシレーヌ,ホルード,オンバーン,リザードン,ウーラオス悪
オンバーン,ストリンダー低,ニンフィア,ウーラオス悪,ハッサム,ホルード
ホルード,アシレーヌ,キュウコン氷妖,ポットデス,ウーラオス悪,パッチラゴン
フライゴン,ドータクン,マリルリ,ウインディ,ナットレイ,ウーラオス悪
リザードン,ホルード,ウーラオス悪,ラッキー,モジャンボ,ヌオー
リザードン,ウーラオス悪,マタドガス毒妖,ラッキー,モジャンボ,ヌオー
オンバーン,ハッサム,ウーラオス悪,ストリンダー高,ニンフィア,ホルード
ドヒドイデ,クレベース,ハピナス,モジャンボ,サイドン,ウーラオス悪
ガマゲロゲ,リザードン,ニンフィア,ハッサム,ウーラオス悪,ポリゴンＺ
リザードン,ピクシー,サニーゴ霊,ウーラオス悪,ドヒドイデ,ポリゴンＺ
アーマーガア,ガマゲロゲ,ウインディ,アシレーヌ,ウーラオス悪,カビゴン
パッチラゴン,ポリゴンＺ,ギルガルド,ホルード,ファイアロー,ウーラオス悪
パッチラゴン,ホルード,ウーラオス悪,アシレーヌ,ウインディ,ゲンガー
リザードン,パッチラゴン,ウーラオス悪,アシレーヌ,ホルード,モロバレル
キュウコン氷妖,パッチラゴン,マリルリ,ポリゴンＺ,ドサイドン,ウーラオス悪
パッチラゴン,ポリゴンＺ,ウーラオス悪,ピクシー,オーロンゲ,ホルード
ウインディ,ウーラオス悪,アシレーヌ,モロバレル,ポリゴンＺ,マンムー
ゲンガー,アイアント,ニンフィア,サニーゴ霊,レアコイル,ウーラオス悪
オーロンゲ,ウーラオス悪,クワガノン,パッチラゴン,ホルード,ゲンガー
ウーラオス悪,アシレーヌ,ホルード,パッチラゴン,ニンフィア,リザードン
アシレーヌ,リザードン,ウーラオス悪,パッチラゴン,ニンフィア,ホルード
ウーラオス悪,ストリンダー高,サーナイト,オンバーン,ホルード,マリルリ
ホルード,リザードン,ラッキー,モロバレル,レアコイル,ウーラオス悪
オーロット,ドヒドイデ,ロトム炎,ピクシー,ドサイドン,ウーラオス悪
フライゴン,アシレーヌ,ロトム炎,ナットレイ,ウーラオス悪,マタドガス毒妖
ウインディ,ウーラオス悪,ロトム水,ジュラルドン,ドラピオン,キュウコン氷妖
ゲンガー,アシレーヌ,ウルガモス,ホルード,ヌメルゴン,ウーラオス悪
ウーラオス悪,パッチラゴン,ドサイドン,モロバレル,アシレーヌ,ウインディ
アシレーヌ,パッチラゴン,アイアント,ポリゴンＺ,ウーラオス悪,サーナイト
リザードン,ウーラオス悪,マタドガス毒妖,ラッキー,ヌオー,ナットレイ
リザードン,ウーラオス悪,アシレーヌ,パッチラゴン,ドサイドン,モロバレル
ゲンガー,ウーラオス悪,ホルード,ヌメルゴン,ロトム炎,キュワワー
ウーラオス悪,パッチラゴン,マリルリ,オーロンゲ,ロズレイド,ゲンガー
ウーラオス悪,ホルード,ウインディ,ギルガルド,アシレーヌ,キュウコン氷妖
ウインディ,ウーラオス悪,アシレーヌ,ランクルス,モジャンボ,ハピナス
パッチラゴン,ゲンガー,アシレーヌ,ウーラオス悪,ナットレイ,オンバーン
マリルリ,ウーラオス悪,リザードン,ホルード,ラフレシア,パッチラゴン
ゲンガー,マリルリ,ポリゴンＺ,ウーラオス悪,エアームド,パッチラゴン
ゲンガー,ロトム炎,ドサイドン,アシレーヌ,ウーラオス悪,モロバレル
ホルード,モロバレル,ウーラオス悪,ロトム炎,ドククラゲ,オンバーン
エルレイド,リザードン,モロバレル,ホルード,パッチラゴン,ウーラオス悪
リザードン,ピクシー,サニーゴ霊,ハピナス,ウーラオス悪,ポリゴンＺ
ストリンダー低,ウーラオス悪,ドサイドン,アシレーヌ,モロバレル,ゲンガー
リザードン,ホルード,ピクシー,ゲンガー,ウーラオス悪,パッチラゴン
ニョロトノ,キングドラ,アイアント,ウーラオス悪,ヤドラン毒超,ロトム氷
マタドガス毒妖,トリトドン,ナットレイ,ウーラオス悪,パッチラゴン,リザードン
パッチラゴン,リザードン,ウーラオス悪,ハピナス,エアームド,アマージョ
ポリゴンＺ,ガマゲロゲ,ウーラオス悪,モロバレル,ハピナス,ピクシー
ウーラオス悪,マホイップ,ドヒドイデ,クレベース,ラッキー,ヌオー
ゲンガー,ウオノラゴン,ホルード,ウーラオス悪,ピクシー,モロバレル
ホルード,ラプラス,ハッサム,アシレーヌ,ウーラオス悪,パッチラゴン
パッチラゴン,ウーラオス悪,アシレーヌ,ハッサム,ウインディ,バイバニラ
ヌケニン,セキタンザン,マリルリ,ウーラオス悪,マンムー,ギルガルド
ラフレシア,ラッキー,パッチラゴン,アーマーガア,ウーラオス悪,キュワワー
ウーラオス悪,マリルリ,オンバーン,アイアント,ポットデス,ウインディ
ドサイドン,ピクシー,モロバレル,ウーラオス悪,パッチラゴン,ラプラス
ゲンガー,エアームド,ウルガモス,ウーラオス悪,ホルード,パッチラゴン
ゲンガー,ウーラオス悪,ホルード,パッチラゴン,モロバレル,アシレーヌ
ホルード,アシレーヌ,ウーラオス悪,オンバーン,モロバレル,カビゴン
マリルリ,ウーラオス悪,モロバレル,ドサイドン,ホルード,ロトム炎
パッチラゴン,ハピナス,ウルガモス,ウーラオス悪,モロバレル,ロトム水
シルヴァディ,ゴチルゼル,ラプラス,テラキオン,ウーラオス悪,クサイハナ
ブリムオン,マリルリ,リザードン,パッチラゴン,ウーラオス悪,シルヴァディ
ウーラオス悪,マタドガス毒妖,ガマゲロゲ,パルシェン,パッチラゴン,リザードン
ラプラス,エースバーン,ミミッキュ,ウーラオス悪,ポリゴンＺ,ゴリランダー
ウーラオス悪,ギャラドス,ドラパルト,ゴリランダー,ポリゴン２,ジバコイル
エースバーン,カバルドン,ポリゴン２,ミミッキュ,ウーラオス悪,エルフーン
トゲデマル,ドラパルト,ギャラドス,カバルドン,トゲキッス,ウーラオス悪
ピクシー,ポリゴンＺ,ミミッキュ,ウーラオス悪,エースバーン,ゴリランダー
セキタンザン,ホルード,ウーラオス悪,ギャラドス,ゴリランダー,ジバコイル
カバルドン,ラッキー,トゲキッス,ウーラオス悪,ギャラドス,ギルガルド
ウーラオス悪,ハッサム,ドラパルト,ドヒドイデ,カバルドン,ハピナス
リザードン,ウーラオス悪,ガマゲロゲ,ハッサム,ポリゴン２,パッチラゴン
ロトム炎,トゲキッス,カバルドン,ゴリランダー,ミミッキュ,ウーラオス悪
ゴチルゼル,エースバーン,ゴリランダー,ウーラオス悪,ミミッキュ,ポリゴンＺ
ウーラオス悪,アシレーヌ,エースバーン,カバルドン,ロトム飛,ナットレイ
ドラパルト,ミミッキュ,エースバーン,ゴリランダー,ウーラオス悪,ポリゴンＺ
エースバーン,ウーラオス悪,ロトム水,トゲキッス,キュワワー,ギルガルド
ロトム炎,カバルドン,トゲキッス,ドラパルト,ミミッキュ,ウーラオス悪
エースバーン,トゲキッス,ポリゴン２,ウーラオス悪,ジバコイル,ウオノラゴン
ドラパルト,アシレーヌ,エースバーン,ジバコイル,ミミッキュ,ウーラオス悪
ドラパルト,ギャラドス,ロトム炎,ウーラオス悪,エルフーン,ジバコイル
トゲキッス,エースバーン,ゴリランダー,ウーラオス悪,ミミッキュ,ジバコイル
メタモン,ラッキー,ドヒドイデ,カバルドン,バルジーナ,ウーラオス悪
エルフーン,エースバーン,ジバコイル,ウオノラゴン,ドラパルト,ウーラオス悪
インテレオン,エースバーン,ミミッキュ,ウーラオス悪,トゲキッス,ポリゴン２
エースバーン,アシレーヌ,ウーラオス悪,ロトム飛,ゴチルゼル,ミミッキュ
エースバーン,ウーラオス悪,ギャラドス,ジバコイル,ガマゲロゲ,ポリゴン２
ドラパルト,ウーラオス悪,アシレーヌ,ロトム炎,ミミッキュ,ゴリランダー
ウーラオス悪,ジバコイル,ギャラドス,フシギバナ,ドラパルト,ドサイドン
トゲキッス,エースバーン,ウーラオス悪,パッチラゴン,ドラパルト,ポリゴン２
フシギバナ,コータス,ミミッキュ,エースバーン,ウーラオス悪,マリルリ
インテレオン,ドリュウズ,ゴリランダー,ドラパルト,ウーラオス悪,ジバコイル
オノノクス,ハッサム,アシレーヌ,ウーラオス悪,シャンデラ,キュワワー
モスノウ,ウオノラゴン,ルチャブル,セキタンザン,ゴリランダー,ウーラオス悪
ドラパルト,カバルドン,トゲキッス,ジバコイル,ギャラドス,ウーラオス悪
ポリゴン２,エースバーン,ウーラオス悪,ジバコイル,ギャラドス,カバルドン
エースバーン,パッチラゴン,トゲキッス,ギャラドス,ポリゴン２,ウーラオス悪
ポリゴンＺ,ドラパルト,トゲキッス,ウーラオス悪,バンギラス,アシレーヌ
ウーラオス悪,エースバーン,トゲキッス,ミミッキュ,マリルリ,ポリゴンＺ
エースバーン,ウーラオス悪,ジバコイル,ミミッキュ,カバルドン,ポリゴン２
ドラパルト,エースバーン,ゴリランダー,ウーラオス悪,ラプラス,ジバコイル
ハピナス,ヤドラン水超,ドラパルト,カバルドン,モロバレル,ウーラオス悪
ハッサム,キングドラ,ペリッパー,ジバコイル,ウーラオス悪,ミミッキュ
トゲキッス,ポリゴン２,カバルドン,エースバーン,ゴリランダー,ウーラオス悪
ドラパルト,ウーラオス悪,トゲキッス,ギャラドス,ゴリランダー,ストリンダー高
マリルリ,ロトム炎,トリトドン,ドラパルト,ウーラオス悪,アーマーガア
ドラパルト,ポリゴン２,ロトム炎,トゲキッス,ウーラオス悪,ミミッキュ
エースバーン,ドラパルト,ウーラオス悪,ミミッキュ,ロトム飛,エアームド
ウーラオス悪,ギャラドス,ジバコイル,ドラパルト,ドサイドン,ゴリランダー
ウーラオス悪,カバルドン,ゴリランダー,ロトム炎,ミミッキュ,ガオガエン
ポリゴン２,ドヒドイデ,エースバーン,ピクシー,ウーラオス悪,ドラパルト
リザードン,ナットレイ,アシレーヌ,ドリュウズ,ミミッキュ,ウーラオス悪
ガラガラ炎霊,ポリゴン２,ウーラオス悪,ドラパルト,オーロンゲ,ピクシー
ゲンガー,ポリゴン２,マリルリ,ドラパルト,ドリュウズ,ウーラオス悪
フライゴン,ドータクン,アシレーヌ,ウインディ,ナットレイ,ウーラオス悪
シャンデラ,ウーラオス悪,カバルドン,ギャラドス,トゲキッス,ポリゴン２
レントラー,ドラパルト,エースバーン,ウーラオス悪,ゴリランダー,ジバコイル
ルガルガン黄昏,ドラパルト,ウーラオス悪,ポリゴン２,アーマーガア,アシレーヌ
カバルドン,ポリゴン２,ミミッキュ,トゲキッス,エースバーン,ウーラオス悪
カバルドン,ウーラオス悪,エースバーン,ロトム飛,ポリゴン２,ドラミドロ
ラプラス,エースバーン,ミミッキュ,ウーラオス悪,ロトム炎,ゴリランダー
エースバーン,パッチラゴン,ドリュウズ,ゴリランダー,ニンフィア,ウーラオス悪
エースバーン,サニーゴ霊,パッチラゴン,アーマーガア,ウーラオス悪,ハピナス
サンドパン氷鋼,ファイアロー,ウーラオス悪,クレッフィ,ポリゴン２,マリルリ
バンギラス,ドリュウズ,ウーラオス悪,ドヒドイデ,ロトム炎,ドラパルト
ジバコイル,ウオノラゴン,ポリゴン２,エースバーン,ウーラオス悪,エルフーン
ホウオウ,バドレックス黒,ウーラオス水,ミミッキュ,ラッキー,ヌオー
ザシアン,キュレム黒,サンダー電,ウーラオス水,オーロンゲ,ヌオー
ホウオウ,ネクロズマ日,エレザード,ランドロス霊,ミミッキュ,ウーラオス水
ムゲンダイナ,テッカグヤ,ウーラオス水,ヤドキング毒超,バルジーナ,ヌオー
バドレックス黒,ゴリランダー,ウーラオス水,ランドロス霊,ポリゴン２,トゲキッス
イベルタル,カバルドン,ヤドキング毒超,ナットレイ,ウーラオス水,ヒヒダルマ氷
バドレックス黒,ランドロス霊,サンダー電,ウーラオス水,ポリゴン２,ナットレイ
ムゲンダイナ,ウインディ,ウーラオス水,サンダー電,エースバーン,ドリュウズ
バドレックス黒,バンギラス,ウーラオス水,サンダー電,ナットレイ,マンムー
バドレックス黒,ウーラオス水,ランドロス霊,ポリゴン２,ナットレイ,カプ・コケコ
イベルタル,ギルガルド,カバルドン,ウツロイド,ウーラオス水,ヒードラン
バドレックス黒,ウーラオス水,カプ・コケコ,ランドロス霊,ヒードラン,メタモン
バドレックス黒,ランドロス霊,ウーラオス水,ハッサム,カプ・テテフ,バルジーナ
ゼルネアス,ウルガモス,アーゴヨン,ランドロス霊,ウーラオス水,オーロンゲ
バドレックス黒,バルジーナ,ウーラオス水,カプ・コケコ,ランドロス霊,ヒードラン
バドレックス黒,ランドロス霊,ウーラオス水,バルジーナ,カプ・コケコ,ヒードラン
バドレックス黒,バルジーナ,アーゴヨン,カプ・コケコ,ランドロス霊,ウーラオス水
ザシアン,ウーラオス水,ウルガモス,ヤドキング毒超,ヌオー,ポリゴン２
ザシアン,ランドロス霊,ロトム炎,アーゴヨン,ウーラオス水,オーロンゲ
バドレックス黒,ウーラオス水,サンダー電,ランドロス霊,ゴリランダー,ヒードラン
バドレックス黒,サンダー電,バルジーナ,ナットレイ,ウーラオス水,ランドロス霊
ムゲンダイナ,ウーラオス水,ランドロス霊,ナットレイ,アシレーヌ,ヤレユータン
バドレックス黒,ナットレイ,マンムー,サンダー電,ウーラオス水,バンギラス
ヌメルゴン,サンダー電,マンムー,ウーラオス水,ニンフィア,ドヒドイデ
サンダー電,ウーラオス水,ランドロス霊,カプ・レヒレ,ポリゴン２,ヤドキング毒超
ドラパルト,キュウコン氷妖,サンダー電,ウーラオス水,ポリゴン２,ランドロス霊
マンムー,サンダー電,ウーラオス水,カイリュー,ウツロイド,ナットレイ
サンダー電,マンムー,ナットレイ,ウーラオス水,フーディン,ドラパルト
サンダー電,ウーラオス水,ランドロス霊,カプ・レヒレ,ヤドキング毒超,ポリゴン２
レイスポス,カプ・テテフ,ミミッキュ,ウーラオス水,ポリゴンＺ,ラグラージ
サンダー電,ウーラオス水,ドラパルト,ラグラージ,ヒードラン,ミミッキュ
サンダー電,ウーラオス水,ポリゴン２,エースバーン,カプ・テテフ,ドリュウズ
ドラパルト,カバルドン,ウツロイド,ナットレイ,ウーラオス水,サンダー電
ドラパルト,ラグラージ,ウツロイド,サンダー電,ミミッキュ,ウーラオス水
ウーラオス水,ランドロス霊,ヤドキング毒超,サンダー電,ポリゴン２,ミミッキュ
ボルトロス霊,ウーラオス水,カイリュー,ポリゴン２,ピクシー,テッカグヤ
バイバニラ,パッチルドン,カイリュー,ウーラオス水,ジバコイル,ドサイドン
オーロンゲ,ポットデス,ウーラオス水,サンダー電,カミツルギ,ランドロス霊
ウーラオス水,ポリゴン２,サンダー電,ジバコイル,ドラパルト,ランドロス霊
ランドロス霊,ポリゴン２,ウーラオス水,ドラパルト,テッカグヤ,ヤドキング毒超
カバルドン,サンダー電,ドラパルト,ウーラオス水,ウツロイド,ドヒドイデ
ヒードラン,カプ・コケコ,ポリゴン２,ミミッキュ,ウーラオス水,カイリュー
ウーラオス水,ジバコイル,ランドロス霊,カイリュー,ポリゴン２,ミミッキュ
サンダー電,ポリゴン２,ウーラオス水,ランドロス霊,ヤドキング毒超,ナットレイ
ランドロス霊,カプ・レヒレ,ウツロイド,ヒードラン,カイリュー,ウーラオス水
カプ・コケコ,ランドロス霊,ウーラオス水,ウツロイド,テッカグヤ,ドラパルト
カイリュー,ランターン,マタドガス毒妖,アーマーガア,ギルガルド,ウーラオス水
サンダー電,ウーラオス水,ギルガルド,ランドロス霊,ポリゴン２,ドヒドイデ
エースバーン,ポリゴン２,カイリュー,ウツロイド,ラグラージ,ウーラオス水
ウーラオス水,ランドロス霊,ミミッキュ,ゴリランダー,カプ・レヒレ,ライコウ
ガブリアス,サンダー電,ポリゴン２,ウツロイド,ウーラオス水,ミミッキュ
サンダー電,ウーラオス水,ガブリアス,テッカグヤ,ポリゴン２,ドヒドイデ
ランドロス霊,サンダー電,ミミッキュ,エースバーン,ウーラオス水,ポリゴン２
サンダー電,ラグラージ,ドラパルト,ヒードラン,ウーラオス水,カプ・レヒレ
サンダー電,カイリュー,ポリゴン２,ドサイドン,ミミッキュ,ウーラオス水
サンダー電,エースバーン,ポリゴン２,ウーラオス水,カプ・テテフ,ドリュウズ
バイバニラ,パッチルドン,サンダー電,ウーラオス水,カプ・レヒレ,ドリュウズ
ウーラオス水,ナットレイ,ウツロイド,サンダー電,ヒードラン,カバルドン
ウツロイド,ミミッキュ,サンダー電,ウーラオス水,カバルドン,ナットレイ
サンダー電,ハッサム,ウーラオス水,ドラパルト,ポリゴン２,ミミッキュ
カイリュー,ナットレイ,カプ・レヒレ,ドサイドン,サンダー電,ウーラオス水
クレセリア,ウーラオス水,ドラパルト,ドヒドイデ,ハピナス,マンムー
ボルトロス霊,ウーラオス水,カイリュー,ポリゴン２,ラプラス,ヤドキング毒超
カバルドン,ウツロイド,ゴリランダー,ウーラオス水,サンダー電,ナットレイ
エースバーン,サンダー電,ゲンガー,ドサイドン,カプ・レヒレ,ウーラオス水
サンダー電,ウーラオス水,ポリゴン２,キュウコン氷妖,ランドロス霊,ヤドキング毒超
ドラパルト,モロバレル,アシレーヌ,ポリゴン２,ウーラオス水,ボルトロス霊
ウーラオス水,サンダー電,ポリゴン２,エースバーン,ランドロス霊,ミミッキュ
サンダー電,ウーラオス水,ガブリアス,ポリゴン２,ヒードラン,ドヒドイデ
ウーラオス水,サンダー電,ウツロイド,ゴリランダー,ガブリアス,ミミッキュ
ウーラオス水,カイリュー,ミミッキュ,ドヒドイデ,クレセリア,メタモン
ヤドラン毒超,ランドロス霊,ウーラオス水,サンダー電,カプ・ブルル,バンギラス
サンダー電,ガオガエン,ブリザポス,ギルガルド,ウーラオス水,ウツロイド
ドラパルト,ラグラージ,ピクシー,ジバコイル,ウーラオス水,サンダー電
ピクシー,オニゴーリ,ウーラオス水,ジジーロン,カマスジョー,ラティオス
フーディン,サンダー電,ガブリアス,ナットレイ,ミミッキュ,ウーラオス水
ガブリアス,サンダー電,ウーラオス水,ポリゴン２,カプ・レヒレ,エースバーン
アーゴヨン,ウーラオス水,エースバーン,ゴリランダー,カバルドン,ジバコイル
マニューラ,ウーラオス水,ガブリアス,サンダー電,レジスチル,ファイヤー悪
エースバーン,ミミッキュ,キュウコン氷妖,ウーラオス水,ジバコイル,ボルトロス霊
マニューラ,サンダー電,ガブリアス,ウーラオス水,レジスチル,ファイヤー悪
ドラパルト,サンダー電,ウーラオス水,ラプラス,ドリュウズ,エースバーン
ラグラージ,ミミッキュ,サンダー電,ポリゴン２,ウーラオス水,エースバーン
カバルドン,ドリュウズ,サンダー電,ニンフィア,ウーラオス水,カイリュー
ウーラオス水,カイリュー,ミミッキュ,ドヒドイデ,クレセリア,メタモン
サンダー電,ドラパルト,ラグラージ,ウーラオス水,ミミッキュ,ポリゴン２
キュウコン氷妖,サンダー電,ドサイドン,ウーラオス水,エースバーン,ポリゴン２
ウーラオス水,ポリゴン２,サンダー電,ナットレイ,ミミッキュ,ガブリアス
カバルドン,カイリュー,サンダー電,ウーラオス水,ウツロイド,ミミッキュ
カイリュー,ニンフィア,ジバコイル,ウーラオス水,ドサイドン,ラティオス
ウーラオス水,ジバコイル,サンダー電,ドラパルト,ミミッキュ,エースバーン
パッチラゴン,マタドガス毒妖,ポリゴン２,ウーラオス水,サンダー電,マンムー
ウーラオス水,ランドロス霊,アーゴヨン,ヒードラン,キュウコン氷妖,パッチルドン
エースバーン,サンダー電,ポリゴン２,ジバコイル,ウーラオス水,ドサイドン
ドラパルト,ドヒドイデ,ポリゴン２,ウーラオス水,ドサイドン,サンダー電
ラグラージ,サンダー電,ポリゴン２,カイリュー,ミミッキュ,ウーラオス水
カバルドン,サンダー電,ナットレイ,ウツロイド,エースバーン,ウーラオス水
ドラパルト,サンダー電,ウーラオス水,ラグラージ,ゴリランダー,ミミッキュ
バンギラス,ドリュウズ,サンダー電,ウーラオス水,カプ・テテフ,ゴリランダー
ラグラージ,カイリュー,ウーラオス水,サンダー電,ミミッキュ,メタグロス
サンダー電,ウーラオス水,ナットレイ,ドサイドン,カプ・レヒレ,カイリュー
ウーラオス水,ミミッキュ,サンダー電,ガブリアス,ナットレイ,ウツロイド
キュウコン氷妖,パッチルドン,ウーラオス水,バシャーモ,ウツロイド,カイリュー
エースバーン,ポリゴン２,サンダー電,ナットレイ,ドサイドン,ウーラオス水
バドレックス黒,サンダー電,ガオガエン,カバルドン,ナットレイ,ウーラオス水
ゼクロム,テッカグヤ,カバルドン,ヒヒダルマ氷,ミミッキュ,ウーラオス水
バドレックス黒,ウーラオス水,サンダー電,バシャーモ,ミミッキュ,バンギラス
バドレックス黒,ウーラオス水,ランドロス霊,ミミッキュ,サンダー電,ナットレイ
バドレックス黒,サンダー電,ウーラオス水,ポリゴン２,ナットレイ,カプ・レヒレ
ゼクロム,カバルドン,ゴリランダー,ウーラオス水,エアームド,ポリゴン２
ウーラオス水,バドレックス黒,バンギラス,ナットレイ,カプ・レヒレ,サンダー電
バドレックス黒,サンダー電,ウーラオス水,カバルドン,ドリュウズ,ナットレイ
ホウオウ,ランターン,ウーラオス水,ポリゴン２,ヌオー,ランドロス霊
ラグラージ,リザードン,ザシアン,ドラパルト,サンダー電,ウーラオス水
ムゲンダイナ,サンダー電,エースバーン,ウーラオス水,ギルガルド,ランドロス霊
ムゲンダイナ,ウーラオス水,メタモン,メタグロス,サンダー電,ヒヒダルマ氷
バドレックス黒,ナットレイ,サンダー電,ウーラオス水,バンギラス,ガブリアス
マリルリ,バドレックス黒,タイプ：ヌル,ウインディ,ランターン,ウーラオス水
ムゲンダイナ,ブラッキー,サンダー電,ウーラオス水,ドラパルト,ドヒドイデ
ブラッキー,バドレックス黒,カバルドン,ドリュウズ,サンダー電,ウーラオス水
ムゲンダイナ,フェローチェ,ロトム炎,ナットレイ,ウーラオス水,ガブリアス
ザシアン,サンダー電,バンギラス,エアームド,ウーラオス水,トリトドン
ウーラオス水,バンギラス,バドレックス黒,カプ・レヒレ,ナットレイ,サンダー電
キュレム白,サンダー電,ウーラオス水,ナットレイ,カバルドン,ドリュウズ
バドレックス黒,ランドロス霊,サンダー電,オーロンゲ,ナットレイ,ウーラオス水
メタグロス,キュレム白,ランドロス霊,カプ・レヒレ,ウーラオス水,サンダー電
リザードン,ミミッキュ,ウーラオス水,ガブリアス,レジエレキ,バドレックス白
ザシアン,サンダー電,エースバーン,ドリュウズ,ウーラオス水,ラプラス
パルキア,ウーラオス水,ポットデス,オーロンゲ,アシレーヌ,ジバコイル
バドレックス黒,サンダー電,ウーラオス水,エースバーン,ヌオー,ランドロス霊
バドレックス黒,ランドロス霊,バンギラス,サンダー電,ナットレイ,ウーラオス水
ランドロス霊,カプ・レヒレ,ザシアン,サンダー電,ウーラオス水,ポリゴン２
ムゲンダイナ,サンダー電,エースバーン,ナットレイ,ウーラオス水,ランドロス霊
カイオーガ,ミミッキュ,ウーラオス水,サンダー電,ナットレイ,ドサイドン
バドレックス黒,ガブリアス,ナットレイ,サンダー電,ウーラオス水,ヒヒダルマ氷
ニンフィア,イベルタル,ウインディ,メタグロス,ウーラオス水,ガマゲロゲ
レジエレキ,ネクロズマ日,ウーラオス水,カプ・レヒレ,サンダー電,ランドロス霊
カイオーガ,ウーラオス水,ミミッキュ,サンダー電,ナットレイ,ドサイドン
ドリュウズ,ムゲンダイナ,カバルドン,ラッキー,ウーラオス水,ラプラス
バドレックス黒,ガオガエン,ウーラオス水,ボルトロス化,ナットレイ,カバルドン
カイオーガ,サンダー電,カバルドン,ドリュウズ,ウーラオス水,ヒードラン
バドレックス黒,ブラッキー,ウーラオス水,サンダー電,ドリュウズ,ガマゲロゲ
カイオーガ,サンダー電,ミミッキュ,ヒヒダルマ氷,ウーラオス水,ドリュウズ
バドレックス黒,バンギラス,ナットレイ,ウーラオス水,サンダー電,ガマゲロゲ
イベルタル,ウーラオス水,ラッキー,ドヒドイデ,ヒードラン,メタモン
バドレックス黒,ヒヒダルマ氷,ウーラオス水,サンダー電,バンギラス,ガマゲロゲ
ザシアン,ラプラス,サンダー電,バンギラス,ブラッキー,ウーラオス水
ゴリランダー,ヒードラン,サンダー電,ランドロス霊,ミミッキュ,ウーラオス水
エルフーン,ウツロイド,ファイヤー悪,メタグロス,エースバーン,ウーラオス水
アーゴヨン,ウーラオス水,マッシブーン,エアームド,バンギラス,ドヒドイデ
ウーラオス水,ポリゴン２,サンダー電,ギルガルド,ガブリアス,ヒードラン
パッチルドン,ウーラオス水,カプ・コケコ,ランドロス霊,ミミッキュ,ラティアス
パッチルドン,サンダー電,ウーラオス水,カプ・レヒレ,ドリュウズ,エースバーン
ドラパルト,サンダー電,ウーラオス水,テッカグヤ,カプ・レヒレ,パッチルドン
サンダー電,ウオノラゴン,ポリゴン２,レジエレキ,ゴチルゼル,ウーラオス水
ボルトロス霊,ウーラオス水,ミミッキュ,ヒードラン,ゴリランダー,ポリゴン２
ウーラオス水,サンダー電,ギルガルド,ガブリアス,ポリゴン２,ドヒドイデ
ガブリアス,サンダー電,ポリゴン２,ドラパルト,ウーラオス水,ドヒドイデ
マニューラ,ガブリアス,サンダー電,ウーラオス水,カミツルギ,テッカグヤ
ボルトロス霊,ブリザポス,ドリュウズ,ウーラオス水,ミミッキュ,サンダー電
サンダー電,ツンデツンデ,ウーラオス水,エレキブル,ミミッキュ,ランドロス霊
アーゴヨン,ウーラオス水,カプ・コケコ,ランドロス霊,ミミッキュ,ラティアス
ミミッキュ,ブリザポス,サンダー電,ウーラオス水,ポリゴン２,ドリュウズ
カイリュー,コータス,カバルドン,ポリゴン２,ウーラオス水,ミミッキュ
カプ・ブルル,ランドロス霊,ボルトロス霊,ウーラオス水,テッカグヤ,ポリゴン２
カイリュー,オーロンゲ,ゾロアーク,ピクシー,ウーラオス水,ランクルス
カイリュー,ミミッキュ,ウーラオス水,ヒードラン,ハピナス,ナマコブシ
ミミッキュ,ウーラオス水,ボルトロス霊,ナットレイ,ポリゴン２,カイリュー
ゾロアーク,ウーラオス水,サンダー電,ドリュウズ,ラッキー,カイリュー
トゲキッス,エースバーン,ゴリランダー,ウーラオス水,ポリゴン２,マッギョ電
サンダー電,ドリュウズ,ウーラオス水,ゴチルゼル,ミミッキュ,ラプラス
カイリュー,ナマコブシ,ラッキー,エルフーン,テッカグヤ,ウーラオス水
ブリムオン,ジバコイル,ボルトロス霊,ポリゴン２,カイリュー,ウーラオス水
カバルドン,カミツルギ,サンダー電,ウーラオス水,ポリゴン２,パッチラゴン
カバルドン,サンダー電,ウーラオス水,ミミッキュ,ナットレイ,ヤドキング毒超
ウーラオス水,ミミッキュ,ポリゴン２,ウオノラゴン,サンダー電,カイリュー
サンダー電,ウーラオス水,ナットレイ,ドサイドン,ミミッキュ,エースバーン
ドラパルト,カミツルギ,サンダー電,ウーラオス水,ラグラージ,ミミッキュ
サンダー電,ドリュウズ,ウーラオス水,カプ・コケコ,ゴリランダー,ポリゴン２
ウーラオス水,サンダー電,ウツロイド,ゴリランダー,ガブリアス,ミミッキュ
キュウコン氷妖,ジバコイル,ミミッキュ,ウーラオス水,エースバーン,ボルトロス霊
サンダー電,ラグラージ,ミミッキュ,エースバーン,ポリゴン２,ウーラオス水
ボルトロス霊,ウーラオス水,ミミッキュ,アーゴヨン,ポリゴン２,ヒードラン
レジエレキ,ウーラオス水,ドラパルト,ミミッキュ,ランドロス霊,キュウコン氷妖
デンジュモク,ウーラオス水,カイリュー,ドサイドン,ミミッキュ,ルージュラ
エースバーン,ウーラオス水,ミミッキュ,クレセリア,ハガネール,サンダー電
カイリュー,カプ・レヒレ,レジエレキ,マンムー,ポリゴン２,ウーラオス水
ラッキー,ドヒドイデ,レイスポス,カバルドン,テッカグヤ,ウーラオス水
レジエレキ,ウーラオス水,ミミッキュ,ランドロス霊,ポリゴン２,エースバーン
ウーラオス水,ミミッキュ,サンダー電,マンムー,エースバーン,ゴリランダー
ランドロス霊,ハピナス,カプ・レヒレ,サンダー電,ウツロイド,ウーラオス水
ボルトロス霊,ポリゴン２,ミミッキュ,ウーラオス水,カイリュー,カミツルギ
ポリゴン２,ミミッキュ,ウーラオス水,ドラパルト,エースバーン,エモンガ
エースバーン,ウーラオス水,サンダー電,ポリゴン２,ランドロス霊,カプ・レヒレ
ウツロイド,クレセリア,アーゴヨン,ヒヒダルマ氷,ミミッキュ,ウーラオス水
エースバーン,ミミッキュ,ウーラオス水,サンダー電,バンギラス,ランドロス霊
シャンデラ,ウーラオス水,ランドロス霊,サンダー電,カミツルギ,ポリゴン２
ウーラオス水,サンダー電,ポリゴン２,カプ・レヒレ,ランドロス霊,カミツルギ
デンジュモク,ランドロス霊,ミミッキュ,ハピナス,ウーラオス水,テッカグヤ
ウーラオス水,ミミッキュ,ドサイドン,サンダー電,エースバーン,ポリゴン２
グレイシア,ミミッキュ,ウーラオス水,サンダー電,ドリュウズ,エースバーン
ウーラオス水,サンダー電,ギルガルド,ガブリアス,ポリゴン２,ドヒドイデ
カイリュー,ドリュウズ,ヒヒダルマ氷,サンダー電,ウーラオス水,ラプラス
ヌケニン,ランドロス化,ウーラオス水,テッカグヤ,カイリュー,ポリゴン２
ニンフィア,ランドロス霊,ギャラドス,ウーラオス水,ドリュウズ,ヤドキング毒超
ウインディ,ドラパルト,ウーラオス水,トゲキッス,ドサイドン,ジバコイル
サンダー電,ウーラオス水,ナットレイ,エースバーン,マンムー,ミミッキュ
エースバーン,ミミッキュ,バイバニラ,カバルドン,ウーラオス水,カミツルギ
クチート,ラティアス,ミミッキュ,マリルリ,ウーラオス水,パッチラゴン
カイリュー,オーロンゲ,ゾロアーク,ピクシー,ウーラオス水,ランクルス
サンダー電,エースバーン,ドラパルト,ミミッキュ,バンギラス,ウーラオス水
モロバレル,バンギラス,ミミッキュ,エースバーン,ウーラオス水,サンダー電
ラグラージ,サンダー電,ウツロイド,ウーラオス水,エースバーン,ミミッキュ
ドラパルト,ウーラオス水,ドヒドイデ,ラッキー,ニンフィア,テッカグヤ
バンギラス,ドリュウズ,サンダー電,ミミッキュ,ウーラオス水,フェローチェ
ブリザポス,ウーラオス水,ドリュウズ,サンダー電,ポリゴン２,カイリュー
ウーラオス水,ミミッキュ,サンダー電,ドリュウズ,エルフーン,ヒードラン
サンダー電,ドサイドン,ナットレイ,カプ・レヒレ,ウーラオス水,エースバーン
サンダー電,ウーラオス水,カプ・レヒレ,ラッキー,カバルドン,ドラパルト
ウーラオス水,ミミッキュ,ポリゴン２,エースバーン,ドリュウズ,サンダー電
ウーラオス水,ポリゴン２,サンダー電,ミミッキュ,ドリュウズ,ゴリランダー
サンダー電,ウーラオス水,ドサイドン,ガブリアス,ミミッキュ,ナットレイ
ウーラオス水,ボルトロス霊,カイリュー,ポリゴン２,カミツルギ,ヒードラン
ドラパルト,ウーラオス水,カバルドン,ナットレイ,ウツロイド,エースバーン
トルネロス化,ボーマンダ,レジエレキ,ウーラオス水,ポリゴン２,エースバーン
ポリゴン２,ドヒドイデ,ガブリアス,ウーラオス水,サンダー電,ウオノラゴン
レジエレキ,ウーラオス水,マンムー,カイリュー,テッカグヤ,バンギラス
ウーラオス水,ピクシー,ウインディ,サンダー電,ドリュウズ,パッチルドン
ウーラオス水,ヒヒダルマ氷,カイリュー,ドサイドン,ラッキー,ドヒドイデ
サンダー電,エースバーン,ゴリランダー,ミミッキュ,ウーラオス水,ウツロイド
ドリュウズ,バンギラス,サンダー電,ブリザポス,ウーラオス水,カプ・レヒレ
ファイヤー悪,エースバーン,ニンフィア,ウーラオス水,ミミッキュ,ドリュウズ
アーゴヨン,ボルトロス霊,ウーラオス水,ランドロス霊,ポリゴン２,ブリザポス
リザードン,ドリュウズ,ミミッキュ,ウーラオス水,ナットレイ,レジエレキ
サンダー電,テッカグヤ,ミミッキュ,ラプラス,エースバーン,ウーラオス水
ラグラージ,サンダー電,ナットレイ,カイリュー,ミミッキュ,ウーラオス水
ドヒドイデ,ラッキー,レイスポス,ウーラオス水,カバルドン,サンダー電
ウーラオス水,サンダー電,ウツロイド,ゴリランダー,ガブリアス,ミミッキュ
ウーラオス水,ナットレイ,サンダー電,ドサイドン,エースバーン,カプ・レヒレ
ブラッキー,ドラパルト,サンダー電,ウーラオス水,ウツロイド,ナットレイ
エースバーン,ジバコイル,ウオノラゴン,サンダー電,ブリザポス,ウーラオス水
ウーラオス水,ポリゴン２,カイリュー,ヒードラン,サンダー電,ヌケニン
カバルドン,サンダー電,ナットレイ,ウツロイド,ウーラオス水,ミミッキュ
ドラパルト,アシレーヌ,エンテイ,ゴリランダー,ボルトロス霊,ウーラオス水
ヌケニン,メレシー,ツンデツンデ,サンダー闘,ドラパルト,ウーラオス水
エースバーン,ブリザポス,ミミッキュ,ウーラオス水,ドリュウズ,サンダー電
ウーラオス水,ウオノラゴン,サンダー電,ナットレイ,ポリゴン２,ランドロス霊
マリルリ,ウーラオス水,サンダー電,ホルード,ルージュラ,エースバーン
バンギラス,ランドロス霊,ウーラオス水,アシレーヌ,サンダー電,ナットレイ
カバルドン,ラッキー,サンダー電,ウーラオス水,カプ・レヒレ,ドラパルト
カバルドン,サンダー電,ナットレイ,ウツロイド,ウーラオス水,ミミッキュ
レジエレキ,ブリザポス,ミミッキュ,ウーラオス水,カイリュー,クレセリア
カイリュー,ミミッキュ,エースバーン,ドリュウズ,ウーラオス水,ジバコイル
ブリザポス,クレセリア,ミミッキュ,ウーラオス水,ウオノラゴン,サンダー電
ファイヤー悪,ウーラオス水,ウツロイド,ミミッキュ,カミツルギ,ドラパルト
サンダー電,ウーラオス水,ゴリランダー,ヒヒダルマ氷,カイリュー,ドリュウズ
ウルガモス,サンダー電,ドリュウズ,ポットデス,オーロンゲ,ウーラオス水
ウーラオス水,カイリュー,ゴリランダー,ヒヒダルマ氷,ドリュウズ,サンダー電
カバルドン,サンダー電,ナットレイ,ウツロイド,ウーラオス水,ドラパルト
カバルドン,パッチラゴン,バンギラス,ドヒドイデ,サンダー電,ウーラオス水
ドラパルト,ウーラオス水,ヒードラン,ランドロス霊,ポリゴン２,サンダー電
ウーラオス水,サンダー電,ウツロイド,ゴリランダー,エースバーン,ミミッキュ
パッチルドン,エースバーン,カプ・レヒレ,ポリゴン２,ウーラオス水,ミミッキュ
サンダー電,ポリゴン２,テッカグヤ,エースバーン,ランドロス霊,ウーラオス水
パッチラゴン,ブリムオン,ウーラオス水,ロズレイド,オーロンゲ,ガマゲロゲ
ラプラス,ドラミドロ,ニンフィア,ワルビアル,ウーラオス水,ロトム飛
クレッフィ,ウーラオス水,ポットデス,ロトム炎,パッチラゴン,モロバレル
ゲンガー,アシレーヌ,アーマーガア,ホルード,ロトム炎,ウーラオス水
ウーラオス水,ランターン,エアームド,ワルビアル,カビゴン,ゲンガー
パッチルドン,ウーラオス水,バイバニラ,ヌメルゴン,フーディン,ウインディ
パッチラゴン,ウーラオス水,ピクシー,ルガルガン黄昏,アシレーヌ,ナットレイ
ウルガモス,ウーラオス水,ウオノラゴン,ニンフィア,サニーゴ霊,ホルード
ゲンガー,ナットレイ,ホルード,ピクシー,ウーラオス水,パッチラゴン
リザードン,ウーラオス水,キュウコン氷妖,ハガネール,ドサイドン,ポリゴンＺ
パッチラゴン,ウーラオス水,ギルガルド,マリルリ,ゲンガー,ポリゴンＺ
エアームド,ゲンガー,ウーラオス水,ロトム飛,ホルード,ニンフィア
ペンドラー,キュウコン氷妖,ウーラオス水,ロトム水,オンバーン,マリルリ
ゲンガー,パッチラゴン,ホルード,ウーラオス水,ウルガモス,エアームド
パッチラゴン,アシレーヌ,ウーラオス水,ホルード,ギルガルド,カビゴン
ガマゲロゲ,ウーラオス水,レアコイル,ロトム炎,ラフレシア,パッチラゴン
サザンドラ,ナットレイ,ホルード,アシレーヌ,ロトム飛,ウーラオス水
パッチラゴン,ウーラオス水,ロトム炎,キュウコン氷妖,ホルード,カビゴン
パッチラゴン,ウーラオス水,ポリゴンＺ,ホルード,ニンフィア,サニーゴ霊
ギガイアス,ホルード,パッチラゴン,アシレーヌ,ウーラオス水,カビゴン
パッチラゴン,ウーラオス水,エアームド,ホルード,カビゴン,キュウコン氷妖
ゲンガー,カビゴン,ウーラオス水,アシレーヌ,パッチラゴン,ホルード
サダイジャ,ルガルガン昼,ニンフィア,ウーラオス水,アーマーガア,ゲンガー
モジャンボ,ハピナス,ウインディ,ピクシー,ウーラオス水,パッチラゴン
ウーラオス水,リザードン,カビゴン,マタドガス毒妖,ドサイドン,ナットレイ
パッチラゴン,ゲンガー,ウーラオス水,クレッフィ,ホルード,ルガルガン黄昏
ウーラオス水,アシレーヌ,パッチラゴン,リザードン,クレッフィ,ゴチルゼル
パッチラゴン,ピクシー,ポットデス,ウーラオス水,カビゴン,クレッフィ
ピクシー,サニーゴ霊,ポリゴンＺ,ウルガモス,パッチルドン,ウーラオス水
ゲンガー,ウーラオス水,ドサイドン,ナットレイ,ウオノラゴン,ロトム炎
ウーラオス水,ホルード,ポリゴンＺ,パッチラゴン,キュウコン氷妖,ファイアロー
ゲンガー,ロトム水,ウーラオス水,マタドガス毒妖,ハピナス,ガラガラ炎霊
バイバニラ,パッチルドン,ファイアロー,ニンフィア,ウーラオス水,ゲンガー
オンバーン,ウーラオス水,カビゴン,ゲンガー,ハッサム,パッチラゴン
オンバーン,マンムー,ロトム炎,ナットレイ,ニンフィア,ウーラオス水
オーロンゲ,ウーラオス水,ロトム炎,モロバレル,マリルリ,ホルード
ゲンガー,ウーラオス水,ドータクン,アシレーヌ,パッチラゴン,ホルード
パッチラゴン,アーマーガア,ゲンガー,ラプラス,オーロンゲ,ウーラオス水
ウーラオス水,ウルガモス,ウォーグル,ホルード,オーロンゲ,ピクシー
バイバニラ,パッチルドン,ガマゲロゲ,ウーラオス水,ファイアロー,ピクシー
リザードン,キュウコン氷妖,パッチルドン,ウーラオス水,ピクシー,ポットデス
アシレーヌ,モロバレル,ウーラオス水,ゲンガー,カビゴン,ロトム炎
キュウコン氷妖,パッチルドン,パッチラゴン,ウーラオス水,ウルガモス,アシレーヌ
パッチラゴン,アシレーヌ,ウーラオス水,ピクシー,バイバニラ,ナットレイ
ドラミドロ,アーマーガア,パッチルドン,ウルガモス,ウーラオス水,キュウコン氷妖
ウーラオス水,レアコイル,ブリムオン,ウインディ,マンムー,サザンドラ
ピクシー,ポットデス,ウーラオス水,ロトム炎,モロバレル,カビゴン
ハッサム,ウーラオス水,ガラガラ炎霊,ポリゴンＺ,パッチラゴン,ニンフィア
パッチラゴン,ウーラオス水,ゲンガー,ピクシー,アシレーヌ,ナットレイ
ピクシー,ポットデス,パッチラゴン,ウーラオス水,ドサイドン,ウオノラゴン
ラフレシア,ピクシー,ウーラオス水,パッチラゴン,アシレーヌ,カビゴン
ウインディ,ウーラオス水,レアコイル,カビゴン,ブリムオン,マンムー
キュウコン氷妖,パッチラゴン,ホルード,アシレーヌ,ウーラオス水,ゲンガー
パッチラゴン,ポリゴンＺ,ウーラオス水,ホルード,エアームド,ピクシー
ウーラオス水,ホルード,ギルガルド,オーロンゲ,ハピナス,パッチラゴン
パッチラゴン,ホルード,ゲンガー,オーロンゲ,ウーラオス水,キュウコン氷妖
オーロット,ガラガラ地,アシレーヌ,パッチラゴン,ウーラオス水,パッチルドン
サザンドラ,ギルガルド,ウーラオス水,ペンドラー,オーロンゲ,ドヒドイデ
カビゴン,ロトム霊,キュウコン氷妖,ナットレイ,ホルード,ウーラオス水
ホルード,アシレーヌ,ウーラオス水,アーマーガア,ギルガルド,オンバーン
キュウコン氷妖,ポリゴンＺ,ウーラオス水,ゲンガー,ウオノラゴン,レアコイル
アーマーガア,ランターン,ウーラオス水,ジュナイパー,ポリゴンＺ,サニーゴ霊
パッチラゴン,ウーラオス水,ホルード,アシレーヌ,ゴチルゼル,ポリゴンＺ
ライチュウ電超,オーロンゲ,ポリゴンＺ,ペンドラー,インテレオン,ウーラオス水
ゲンガー,オーロンゲ,ウルガモス,アシレーヌ,ウーラオス水,ホルード
ロトム炎,ロズレイド,ブリムオン,ホルード,ウーラオス水,ゲンガー
ゲンガー,オーロンゲ,ポリゴンＺ,ウルガモス,ウーラオス水,ホルード
バイバニラ,キュウコン氷妖,パッチラゴン,ホルード,アシレーヌ,ウーラオス水
テラキオン,パッチラゴン,ウーラオス水,ヌメルゴン,ガマゲロゲ,モロバレル
ウーラオス水,マタドガス毒妖,カビゴン,サザンドラ,ジュナイパー,エンニュート
キュウコン氷妖,ウーラオス水,アシレーヌ,リザードン,サニーゴ霊,ハピナス
ウーラオス水,パッチラゴン,サマヨール,アシレーヌ,ポリゴンＺ,テラキオン
ウーラオス水,キュウコン氷妖,アシレーヌ,パッチラゴン,ホルード,リザードン
リザードン,ピクシー,ゲンガー,ウーラオス水,パッチラゴン,ドサイドン
ウーラオス水,リザードン,パッチラゴン,バンバドロ,クレッフィ,クサイハナ
ラフレシア,オーロンゲ,ピクシー,ラッキー,ウーラオス水,バタフリー
ワルビアル,ジュナイパー,ニンフィア,ロトム炎,ハッサム,ウーラオス水
ゲンガー,ウルガモス,パッチラゴン,ウーラオス水,キュウコン氷妖,ガマゲロゲ
パッチラゴン,トリトドン,ウーラオス水,ウルガモス,ゲンガー,マリルリ
マンムー,ウルガモス,マリルリ,ポリゴンＺ,ウーラオス水,パッチラゴン
パッチラゴン,カビゴン,ウーラオス水,ホルード,ゲンガー,アシレーヌ
リザードン,パッチラゴン,ウーラオス水,インテレオン,ニンフィア,ナットレイ
オンバーン,ギルガルド,ウーラオス水,ラプラス,モロバレル,パッチラゴン
リザードン,アシレーヌ,パッチラゴン,ホルード,モロバレル,ウーラオス水
ガマゲロゲ,パッチラゴン,タイプ：ヌル,アイアント,ウーラオス水,リザードン
ニンフィア,ロトム炎,ウーラオス水,ガマゲロゲ,ポリゴンＺ,ホルード
リザードン,ラビフット,フシギソウ,ジュラルドン,ヒヒダルマ氷,ウーラオス水
アシレーヌ,ホルード,アーマーガア,ヌメルゴン,ランクルス,ウーラオス水
ウーラオス水,ナットレイ,ウオノラゴン,ゲンガー,ピクシー,ドサイドン
コオリッポ,ウーラオス水,ラッキー,オンバーン,モロバレル,ガラガラ炎霊
パッチラゴン,ウーラオス水,ポリゴンＺ,サニーゴ霊,ニンフィア,ゲンガー
パッチラゴン,オーロンゲ,アシレーヌ,ホルード,ブリムオン,ウーラオス水
リザードン,ウーラオス水,ニンフィア,ナットレイ,ホルード,パッチラゴン
アシレーヌ,ウインディ,クレッフィ,ゴチルゼル,ウーラオス水,パッチラゴン
ラビフット,ウーラオス水,オーロンゲ,キュウコン氷妖,パッチラゴン,ランクルス
デンチュラ,ポリゴンＺ,ウーラオス水,テラキオン,パッチラゴン,ヒヒダルマ氷
ハピナス,パッチラゴン,モロバレル,キュウコン氷妖,ペンドラー,ウーラオス水
パッチラゴン,サニーゴ霊,モロバレル,ウーラオス水,ガマゲロゲ,ハピナス
オンバーン,ギルガルド,ホルード,ウーラオス水,キュワワー,ロトム炎
ゲンガー,オーロンゲ,パッチラゴン,ウーラオス水,ハピナス,モジャンボ
パッチラゴン,アシレーヌ,ウーラオス水,ホルード,カビゴン,サニーゴ霊
ウーラオス水,パッチラゴン,キュウコン氷妖,リザードン,ピクシー,ホルード
アシレーヌ,ウォーグル,サザンドラ,ホルード,ストリンダー低,ウーラオス水
オーロンゲ,ロトム炎,サザンドラ,ギルガルド,ウーラオス水,モロバレル
ポットデス,キュウコン氷妖,パッチラゴン,カビゴン,ニンフィア,ウーラオス水
ピクシー,ペンドラー,アーマーガア,ウーラオス水,ゴチルゼル,ラプラス
バイバニラ,パッチラゴン,ファイアロー,マタドガス毒妖,ガマゲロゲ,ウーラオス水
リザードン,ウーラオス水,モロバレル,ゲンガー,ポリゴンＺ,ピクシー
ウーラオス水,パッチラゴン,アシレーヌ,ギルガルド,ホルード,カビゴン
パッチラゴン,アシレーヌ,ウーラオス水,ドサイドン,ナットレイ,ピクシー
サザンドラ,ギルガルド,ウーラオス水,ホルード,ドヒドイデ,ハピナス
ポットデス,クレッフィ,パッチラゴン,ウーラオス水,ピクシー,カビゴン
ウーラオス水,ウオノラゴン,ホルード,ナットレイ,ピクシー,サニーゴ霊
ポリゴンＺ,ピクシー,ゲンガー,サニーゴ霊,パッチラゴン,ウーラオス水
ロトム草,オノノクス,オーロンゲ,ウーラオス水,タイプ：ヌル,ペンドラー
ペンドラー,ウーラオス水,バイバニラ,ヌメルゴン,ポットデス,ドククラゲ
ホルード,ウーラオス水,ポットデス,ドサイドン,ピクシー,アーマーガア
パッチラゴン,ロトム炎,ウーラオス水,アシレーヌ,モロバレル,ホルード
ムーランド,ギガイアス,アシレーヌ,ギルガルド,ウーラオス水,パッチラゴン
ウーラオス水,ホルード,パッチラゴン,マリルリ,モロバレル,リザードン
ウーラオス水,アシレーヌ,ブリムオン,ホルード,エアームド,ポリゴンＺ
ゲンガー,ホルード,パッチラゴン,ウーラオス水,アシレーヌ,ナットレイ
レアコイル,ウーラオス水,サーナイト,マンムー,リザードン,モロバレル
ゲンガー,キュウコン氷妖,バクガメス,パッチラゴン,アシレーヌ,ウーラオス水
ギルガルド,ウーラオス水,アシレーヌ,カビゴン,ホルード,ラフレシア
マホイップ,ヌメルゴン,ヌケニン,アシレーヌ,ドサイドン,ウーラオス水
ハガネール,パッチラゴン,モロバレル,ウーラオス水,ドサイドン,ハピナス
ポリゴンＺ,ホルード,パッチラゴン,ウーラオス水,マタドガス毒妖,アシレーヌ
リザードン,ウーラオス水,ホルード,パッチラゴン,ニンフィア,アシレーヌ
ハッサム,ウーラオス水,ゲンガー,オンバーン,カビゴン,ドサイドン
マリルリ,ホルード,ニンフィア,ウーラオス水,ヤドラン毒超,ゲンガー
ウーラオス水,レアコイル,アシレーヌ,マリルリ,ホルード,ローブシン
マホイップ,ゲンガー,ガマゲロゲ,サニーゴ霊,ネギガナイト,ウーラオス水
リザードン,ゲンガー,カビゴン,ドサイドン,モロバレル,ウーラオス水
マンタイン,ガマゲロゲ,アーマーガア,パッチラゴン,ピクシー,ウーラオス水
ウーラオス水,キュウコン氷妖,オンバーン,モロバレル,ハピナス,バンバドロ
ゲンガー,バルジーナ,ヌオー,ラッキー,ウーラオス水,ナットレイ
キュウコン氷妖,マリルリ,ポリゴンＺ,パッチラゴン,ウーラオス水,ゲンガー
ウインディ,ウーラオス水,ジバコイル,ギャラドス,ミミッキュ,ポリゴン２
パッチラゴン,トゲキッス,ウーラオス水,ドリュウズ,ポリゴン２,ミミッキュ
ウーラオス水,ミミッキュ,ロトム水,ギャラドス,エースバーン,トゲキッス
ジバコイル,ポリゴン２,カバルドン,トゲキッス,ウーラオス水,ドラパルト
エースバーン,ゴリランダー,ポリゴン２,ファイアロー,ウーラオス水,ドラパルト
ポリゴン２,ハッサム,ジバコイル,パッチラゴン,ウーラオス水,ドリュウズ
エースバーン,ミミッキュ,ウーラオス水,エルフーン,ポリゴン２,トゲキッス
ミミッキュ,カビゴン,エースバーン,ドラパルト,トゲキッス,ウーラオス水
カバルドン,ポリゴン２,ジバコイル,トゲキッス,ウーラオス水,ドラパルト
エースバーン,ミミッキュ,ウーラオス水,カバルドン,トゲキッス,ポリゴン２
トゲキッス,カバルドン,ポリゴン２,ウーラオス水,ドラパルト,ドリュウズ
ウーラオス水,ミミッキュ,トゲキッス,エースバーン,カバルドン,エルフーン
エースバーン,ゴリランダー,ドラパルト,トゲキッス,ウーラオス水,オーロンゲ
ドラパルト,トゲキッス,ウーラオス水,エースバーン,ロトム水,ポリゴン２
エースバーン,パッチラゴン,ミミッキュ,トゲキッス,ウーラオス水,マリルリ
ウインディ,ドラパルト,ジバコイル,ウーラオス水,ギャラドス,カバルドン
エースバーン,ポリゴン２,ウーラオス水,トゲキッス,ミミッキュ,ドラパルト
ウーラオス水,カバルドン,ジバコイル,ドラパルト,トゲキッス,ゴリランダー
オーロンゲ,エースバーン,ランクルス,ウーラオス水,カビゴン,パッチラゴン
バルジーナ,ピクシー,ミミッキュ,ロトム炎,ウーラオス水,パッチラゴン
ウーラオス水,エースバーン,ジバコイル,ハッサム,トゲキッス,ガマゲロゲ
エースバーン,ウーラオス水,ドラパルト,ミミッキュ,ジバコイル,メタモン
カバルドン,ギャラドス,ジバコイル,ゴリランダー,ウーラオス水,ミミッキュ
ドラパルト,パッチラゴン,ウーラオス水,ポリゴン２,トゲキッス,カバルドン
ポリゴン２,ガラガラ炎霊,アシレーヌ,ゴリランダー,パッチラゴン,ウーラオス水
リザードン,ウーラオス水,ゴリランダー,ミミッキュ,ドリュウズ,ポリゴン２
エースバーン,ポリゴン２,ギルガルド,ウーラオス水,ミミッキュ,トゲキッス
エースバーン,ミミッキュ,ゴリランダー,ロトム炎,ポリゴン２,ウーラオス水
エースバーン,ニンフィア,ギャラドス,ホルード,ウーラオス水,トゲキッス
エースバーン,トゲキッス,ウーラオス水,ミミッキュ,ポリゴン２,ゴチルゼル
ポリゴン２,ドラパルト,ウーラオス水,エースバーン,トゲキッス,ミミッキュ
マリルリ,ドリュウズ,ウーラオス水,ドラパルト,ロトム炎,トゲキッス
ウーラオス水,エースバーン,ミミッキュ,トゲキッス,カバルドン,ポリゴン２
ヌメルゴン,ウーラオス水,ジバコイル,トゲキッス,アシレーヌ,ミミッキュ
トゲキッス,ウーラオス水,ハッサム,パッチラゴン,ポリゴン２,ミミッキュ
ポリゴン２,ミミッキュ,ギガイアス,ウーラオス水,エースバーン,トゲキッス
トゲキッス,ポリゴン２,ウーラオス水,ウオノラゴン,パッチラゴン,ゴチルゼル
ドラパルト,エースバーン,ミミッキュ,ウーラオス水,ジバコイル,ポリゴン２
マリルリ,パッチラゴン,ウーラオス水,トゲキッス,エースバーン,ジュラルドン
ドラパルト,ロトム炎,ウーラオス水,ブリムオン,ポリゴン２,ミミッキュ
トゲキッス,ウーラオス水,パッチラゴン,エースバーン,ポリゴン２,ギャラドス
カバルドン,ギャラドス,ウーラオス水,エースバーン,ラッキー,トゲキッス
バチンウニ,ライチュウ電超,ウーラオス水,ウインディ,トゲキッス,ポリゴン２
ドラパルト,エースバーン,ウーラオス水,バンギラス,ポリゴン２,ジバコイル
パッチラゴン,カバルドン,ポリゴン２,トゲキッス,ジバコイル,ウーラオス水
ウーラオス水,ミミッキュ,ジバコイル,ポリゴン２,ウインディ,トゲキッス
ストリンダー高,ウーラオス水,ドラパルト,トゲキッス,ウインディ,ポリゴン２
ロトム水,リザードン,トゲキッス,ニンフィア,ウーラオス水,ホルード
カバルドン,ギャラドス,ゴリランダー,ウーラオス水,カビゴン,パッチラゴン
トゲキッス,エースバーン,カバルドン,ポリゴン２,ウーラオス水,オーロンゲ
ウーラオス水,オーロンゲ,パッチラゴン,ハッサム,エースバーン,ラプラス
ポリゴン２,カバルドン,ウーラオス水,アシレーヌ,ハッサム,エースバーン
バイバニラ,ドラパルト,パッチラゴン,ハッサム,ミミッキュ,ウーラオス水
ウインディ,ウーラオス水,ミミッキュ,ウォーグル,キュワワー,ポリゴン２
エースバーン,ウーラオス水,カバルドン,ポリゴン２,ドラパルト,トゲキッス
カバルドン,エースバーン,ポリゴン２,ウーラオス水,ゴリランダー,パッチラゴン
カバルドン,トゲキッス,ロトム炎,ウーラオス水,ミミッキュ,ゴリランダー
カバルドン,ドラパルト,トゲキッス,エースバーン,ポリゴン２,ウーラオス水
エースバーン,カバルドン,ミミッキュ,ポリゴン２,トゲキッス,ウーラオス水
ウーラオス水,ジバコイル,トゲキッス,ミミッキュ,ウインディ,アシレーヌ
フシギバナ,コータス,トゲキッス,ウーラオス水,ミミッキュ,ドサイドン
エアームド,ウーラオス水,エースバーン,シザリガー,トゲキッス,ミミッキュ
ザシアン,カイオーガ,サンダー電,ラグラージ,ミミッキュ,ウーラオス悪
ザシアン,ヌオー,ラッキー,リザードン,ドラパルト,ウーラオス悪
ザシアン,ヌオー,ラッキー,リザードン,ドラパルト,ウーラオス悪
ザシアン,カイオーガ,ランドロス霊,メタモン,ミミッキュ,ウーラオス悪
ザシアン,ヌオー,ラッキー,リザードン,ドラパルト,ウーラオス悪
サンダー電,ラグラージ,ミミッキュ,ザシアン,カイオーガ,ウーラオス悪
ホウオウ,ランドロス霊,ミミッキュ,バンギラス,ルギア,ウーラオス悪
ウツロイド,ランドロス霊,ドラパルト,サンダー電,カプ・レヒレ,ウーラオス悪
ヌオー,カプ・レヒレ,ドリュウズ,パルキア,エースバーン,ウーラオス悪
ルナアーラ,エースバーン,カプ・レヒレ,ミミッキュ,ゴリランダー,ウーラオス悪
カイオーガ,サンダー電,ネクロズマ日,ランドロス霊,ヒヒダルマ氷,ウーラオス悪
ネクロズマ日,ムゲンダイナ,カプ・コケコ,サンダー電,ランドロス霊,ウーラオス悪
ザシアン,ヌオー,カイオーガ,メタモン,ヌケニン,ウーラオス悪
ボーマンダ,レジエレキ,バドレックス黒,ドラパルト,アーマーガア,ウーラオス悪
ヌオー,カプ・レヒレ,パルキア,ザシアン,ランドロス霊,ウーラオス悪
ゼクロム,ヒヒダルマ氷,ホウオウ,カプ・レヒレ,ガマゲロゲ,ウーラオス悪
カイリュー,ゴリランダー,ヒヒダルマ氷,ザシアン,サンダー電,ウーラオス悪
ザシアン,サンダー電,ウルガモス,カイオーガ,ランドロス霊,ウーラオス悪
ゼルネアス,ネクロズマ日,サンダー電,ウオノラゴン,ランドロス霊,ウーラオス悪
カイオーガ,マンムー,メタモン,ザシアン,カバルドン,ウーラオス悪
ムゲンダイナ,ネクロズマ日,カプ・レヒレ,ランドロス霊,サンダー電,ウーラオス悪
サンダー電,ネクロズマ日,カメックス,レジエレキ,ゼルネアス,ウーラオス悪
レジエレキ,テッカグヤ,ランドロス霊,カプ・レヒレ,ブリザポス,ウーラオス悪
ムゲンダイナ,ネクロズマ日,カプ・レヒレ,ランドロス霊,サンダー電,ウーラオス悪
カイオーガ,ホウオウ,メタモン,ポリゴン２,ミミッキュ,ウーラオス悪
ザシアン,グラードン,ウオノラゴン,ポリゴン２,サンダー電,ウーラオス悪
ゼルネアス,ネクロズマ日,ラッキー,サンダー電,ガマゲロゲ,ウーラオス悪
ゼルネアス,ネクロズマ日,ラッキー,サンダー電,ウオノラゴン,ウーラオス悪
ドヒドイデ,カイオーガ,エンニュート,レパルダス,エルフーン,ウーラオス悪
エンニュート,ガオガエン,ファイヤー悪,オーロンゲ,サザンドラ,ウーラオス悪
メタモン,ミミッキュ,バシャーモ,カイオーガ,ネクロズマ日,ウーラオス悪
ウツロイド,ランドロス霊,ドラパルト,サンダー電,ウオノラゴン,ウーラオス悪
ネクロズマ日,ハピナス,ドヒドイデ,ランドロス霊,サンダー電,ウーラオス悪
ゼクロム,ホウオウ,カイリュー,メタモン,カプ・レヒレ,ウーラオス悪
ザシアン,カイオーガ,サンダー電,ウオノラゴン,カバルドン,ウーラオス悪
ルギア,ザシアン,ポリゴン２,ヒードラン,ヌオー,ウーラオス悪
ギャラドス,ロトム炎,ニドキング,キュレム白,ザシアン,ウーラオス悪
ポリゴン２,ドヒドイデ,ウオノラゴン,サンダー電,ドリュウズ,ウーラオス悪
ドラパルト,レシラム,ザシアン,レジエレキ,ランドロス霊,ウーラオス悪
アシレーヌ,レシラム,サンダー電,ラッキー,ネクロズマ日,ウーラオス悪
ルギア,ザシアン,ポリゴン２,ヒードラン,ヌオー,ウーラオス悪
ルギア,ザシアン,ポリゴン２,ヒードラン,ヌオー,ウーラオス悪
ランドロス霊,ドヒドイデ,ギラティナ,ザシアン,テッカグヤ,ウーラオス悪
ディアルガ,ザシアン,ガマゲロゲ,サンダー電,ヒードラン,ウーラオス悪
ディアルガ,ザシアン,ガマゲロゲ,サンダー電,ヒードラン,ウーラオス悪
アシレーヌ,レシラム,サンダー電,ラッキー,ネクロズマ日,ウーラオス悪
アシレーヌ,レシラム,サンダー電,ラッキー,ネクロズマ日,ウーラオス悪
アシレーヌ,レシラム,サンダー電,ラッキー,ネクロズマ日,ウーラオス悪
ディアルガ,ザシアン,カミツルギ,トリトドン,ランドロス霊,ウーラオス悪
サンダー電,ヌオー,エースバーン,オーロンゲ,ドラパルト,ウーラオス悪
サンダー電,ガブリアス,カイオーガ,ネクロズマ日,ドラパルト,ウーラオス悪
ザシアン,カイオーガ,ミミッキュ,ランドロス霊,サンダー電,ウーラオス悪
ポリゴン２,デンジュモク,フワライド,ゼクロム,ギギギアル,ウーラオス悪
クレッフィ,ゼルネアス,ランドロス霊,サンダー電,ジガルデ,ウーラオス悪
キュレム黒,ザシアン,ガマゲロゲ,ウインディ,オーロンゲ,ウーラオス悪
カイオーガ,ネクロズマ日,サンダー電,カプ・レヒレ,カミツルギ,ウーラオス悪
キュレム白,ザシアン,ガマゲロゲ,ウインディ,オーロンゲ,ウーラオス悪
ルナアーラ,エースバーン,カプ・レヒレ,ミミッキュ,ゴリランダー,ウーラオス悪
サンダー電,カバルドン,ザシアン,カイオーガ,メタモン,ウーラオス悪
メタモン,ネクロズマ日,ゼルネアス,ラプラス,カイリュー,ウーラオス悪
バドレックス黒,ザシアン,ガマゲロゲ,サンダー電,エースバーン,ウーラオス悪
カイオーガ,ザシアン,ラッキー,ヌオー,メタモン,ウーラオス悪
カイオーガ,ガマゲロゲ,ザシアン,ドラパルト,サンダー電,ウーラオス悪
カイオーガ,ネクロズマ日,サンダー電,カプ・レヒレ,カミツルギ,ウーラオス悪
ミュウツー,レックウザ,ドクロッグ,バンギラス,メタモン,ウーラオス悪
カイオーガ,ネクロズマ日,サンダー電,カプ・レヒレ,カミツルギ,ウーラオス悪
カイオーガ,ザシアン,ラッキー,ヌオー,エースバーン,ウーラオス悪
メタモン,ネクロズマ日,ゼルネアス,ラプラス,カイリュー,ウーラオス悪
カイオーガ,ネクロズマ日,サンダー電,カプ・レヒレ,カミツルギ,ウーラオス悪
カイオーガ,ザシアン,メタモン,ランドロス化,ナットレイ,ウーラオス悪
カバルドン,ザシアン,カイオーガ,サンダー電,ミミッキュ,ウーラオス悪
カバルドン,ザシアン,カイオーガ,サンダー電,ミミッキュ,ウーラオス悪
ザシアン,ヌオー,ラプラス,ミミッキュ,カイリュー,ウーラオス悪
パルキア,ザシアン,ナットレイ,エースバーン,カバルドン,ウーラオス悪
ドリュウズ,カイオーガ,ラッキー,サンダー電,ネクロズマ日,ウーラオス悪
ドリュウズ,カイオーガ,ラッキー,サンダー電,ネクロズマ日,ウーラオス悪
ナットレイ,ザシアン,カイオーガ,サンダー電,バシャーモ,ウーラオス悪
ゼクロム,ホウオウ,サンダー電,ヌオー,ハピナス,ウーラオス悪
ジガルデ,ボルトロス化,ミミッキュ,ゼクロム,テッカグヤ,ウーラオス悪
ゼクロム,ホウオウ,サンダー電,ヌオー,ハピナス,ウーラオス悪
パルキア,ザシアン,ナットレイ,エースバーン,カバルドン,ウーラオス悪
ゼルネアス,ムゲンダイナ,ハピナス,ヌオー,ランドロス霊,ウーラオス悪
ザシアン,ガマゲロゲ,レシラム,ウツロイド,テッカグヤ,ウーラオス悪
ウオノラゴン,ザシアン,カイリュー,サンダー電,カイオーガ,ウーラオス悪
ネクロズマ日,ゼルネアス,ミミッキュ,オーロンゲ,サンダー電,ウーラオス悪
フシギバナ,バシャーモ,ライコウ,ギルガルド,ペリッパー,ウーラオス悪
ネクロズマ日,カイオーガ,レジエレキ,サンダー電,ドラパルト,ウーラオス悪
ギャラドス,ナットレイ,サンダー電,ネクロズマ日,ガブリアス,ウーラオス悪
ドリュウズ,カイオーガ,ラッキー,サンダー電,ネクロズマ日,ウーラオス悪
ルギア,メタモン,ゼルネアス,ナットレイ,ランドロス霊,ウーラオス悪
ネクロズマ日,ゼルネアス,ウオノラゴン,オーロンゲ,エースバーン,ウーラオス悪
レックウザ,ザシアン,サンダー電,ガオガエン,マリルリ,ウーラオス悪
バドレックス黒,ゼクロム,カプ・レヒレ,ランドロス霊,メタモン,ウーラオス悪
ザシアン,カイオーガ,ポリゴン２,カバルドン,サンダー電,ウーラオス悪
バドレックス黒,ゼクロム,カプ・レヒレ,ランドロス霊,メタモン,ウーラオス悪
ゼクロム,ホウオウ,ヌオー,ハピナス,カメックス,ウーラオス悪
ネクロズマ日,ゼルネアス,ウオノラゴン,オーロンゲ,ミミッキュ,ウーラオス悪
カバルドン,ザシアン,カイオーガ,サンダー電,ミミッキュ,ウーラオス悪
カバルドン,ザシアン,カイオーガ,サンダー電,ミミッキュ,ウーラオス悪
カバルドン,ザシアン,カイオーガ,サンダー電,ミミッキュ,ウーラオス悪
ポリゴン２,ゼルネアス,サンダー電,ヌオー,ホウオウ,ウーラオス悪
ザシアン,ネクロズマ日,ランドロス霊,サンダー電,カプ・レヒレ,ウーラオス悪
ランドロス霊,ドラパルト,サンダー電,ウオノラゴン,ウツロイド,ウーラオス悪
カイオーガ,ペロリーム,ヌオー,カミツルギ,キュレム白,ウーラオス悪
ザシアン,サンダー電,ヌオー,カイオーガ,ゴチルゼル,ウーラオス悪
カイオーガ,テッカグヤ,メタモン,ゼクロム,オーロンゲ,ウーラオス悪
ネクロズマ日,ゼルネアス,エースバーン,オーロンゲ,ランドロス霊,ウーラオス悪
ネクロズマ日,ゼルネアス,エースバーン,オーロンゲ,ランドロス霊,ウーラオス悪
ラッキー,ランドロス霊,バンギラス,ザシアン,バドレックス黒,ウーラオス悪
カイオーガ,ガマゲロゲ,ゼルネアス,テッカグヤ,ミミッキュ,ウーラオス悪
バチンウニ,カプ・レヒレ,ドリュウズ,バドレックス黒,ゼクロム,ウーラオス悪
ガラガラ炎霊,ランドロス霊,ポリゴン２,ザシアン,バドレックス黒,ウーラオス悪
ウツロイド,ランドロス霊,ドラパルト,サンダー電,カプ・レヒレ,ウーラオス悪
ザシアン,カイオーガ,サンダー電,マンムー,メタモン,ウーラオス悪
カイオーガ,ザシアン,メタモン,マンムー,サンダー電,ウーラオス悪
ザシアン,カバルドン,ウオノラゴン,ポリゴン２,サンダー電,ウーラオス悪
ヌケニン,メタモン,ジガルデ,ザシアン,ウツロイド,ウーラオス悪
ザシアン,ルギア,ヒヒダルマ氷,ポリゴン２,ヌオー,ウーラオス悪
ザシアン,カイオーガ,ランドロス霊,ゴリランダー,メタモン,ウーラオス悪
ディアルガ,ムゲンダイナ,サンダー電,アーマーガア,ヒードラン,ウーラオス悪
ザシアン,サンダー電,ヌオー,カイオーガ,ゴチルゼル,ウーラオス悪
ランドロス霊,レジエレキ,ザシアン,エースバーン,バドレックス黒,ウーラオス悪
ランドロス霊,レジエレキ,ザシアン,エースバーン,バドレックス黒,ウーラオス悪
ハッサム,ウオノラゴン,カバルドン,サンダー電,カプ・テテフ,ウーラオス悪
フリーザー超,ギルガルド,イベルタル,ジガルデ,メタモン,ウーラオス悪
ガマゲロゲ,ザシアン,ホウオウ,メタモン,ナットレイ,ウーラオス悪
ディアルガ,マンムー,ギャラドス,ムゲンダイナ,メタモン,ウーラオス悪
ディアルガ,マンムー,ムゲンダイナ,メタモン,ヌオー,ウーラオス悪
ディアルガ,マンムー,ギャラドス,ムゲンダイナ,メタモン,ウーラオス悪
ネクロズマ日,ホウオウ,ラッキー,ミミッキュ,カバルドン,ウーラオス悪
トルネロス化,バスラオ,ソルガレオ,アシレーヌ,キュレム白,ウーラオス悪
ヌメルゴン,ラプラス,ニダンギル,ザシアン,バドレックス黒,ウーラオス悪
ザシアン,バドレックス黒,ランドロス霊,ハピナス,ヌオー,ウーラオス悪
ザシアン,キュレム白,サンダー電,ヌオー,ランドロス霊,ウーラオス悪
ルナアーラ,エースバーン,カイオーガ,ミミッキュ,ゴリランダー,ウーラオス悪
ニダンギル,ザシアン,ラプラス,レジアイス,バドレックス黒,ウーラオス悪
トルネロス化,ディアルガ,ホウオウ,カプ・レヒレ,カイリュー,ウーラオス悪
オーロンゲ,ネクロズマ日,ゼルネアス,サンダー電,ローブシン,ウーラオス悪
オーロンゲ,ネクロズマ日,ゼルネアス,サンダー電,ローブシン,ウーラオス悪
ディアルガ,ザシアン,ランドロス霊,サンダー電,ポリゴン２,ウーラオス悪
オーロンゲ,アーゴヨン,マニューラ,ファイヤー悪,カラマネロ,ウーラオス悪
オーロンゲ,アーゴヨン,マニューラ,ファイヤー悪,カラマネロ,ウーラオス悪
オーロンゲ,アーゴヨン,マニューラ,ファイヤー悪,カラマネロ,ウーラオス悪
ランドロス霊,サンダー電,ザシアン,カイオーガ,ヌオー,ウーラオス悪
ギラティナ,ザシアン,ヌオー,ハピナス,メタモン,ウーラオス悪
バドレックス黒,ブラッキー,ホウオウ,カプ・レヒレ,ランドロス霊,ウーラオス悪
レシラム,メタモン,テッカグヤ,ランドロス霊,カイオーガ,ウーラオス悪
バドレックス黒,ナットレイ,バンギラス,ドリュウズ,サンダー電,ウーラオス水
キュウコン氷妖,サンダー電,ドサイドン,エースバーン,ポリゴン２,ウーラオス水
イベルタル,ネクロズマ日,カプ・レヒレ,ラッキー,メタモン,ウーラオス水
イベルタル,ザシアン,サンダー電,ランドロス霊,ドラパルト,ウーラオス水
テッカグヤ,ムゲンダイナ,テッカニン,メタモン,ザシアン,ウーラオス水
ランドロス霊,オーロンゲ,キュレム黒,ザシアン,カプ・レヒレ,ウーラオス水
サンダー電,ランドロス霊,ミミッキュ,ナットレイ,ウツロイド,ウーラオス水
ゼクロム,カイオーガ,ヌケニン,ラッキー,ドククラゲ,ウーラオス水
サンダー電,ラグラージ,ミミッキュ,ドラパルト,ポリゴン２,ウーラオス水
ムゲンダイナ,ザシアン,ランドロス霊,テッカグヤ,メタモン,ウーラオス水
ムゲンダイナ,ザシアン,ランドロス霊,テッカグヤ,メタモン,ウーラオス水
イベルタル,ギルガルド,ウツロイド,サンダー電,カプ・レヒレ,ウーラオス水
ザシアン,イベルタル,ハピナス,ヌオー,ランドロス霊,ウーラオス水
ザシアン,イベルタル,ハピナス,ヌオー,ランドロス霊,ウーラオス水
ザシアン,ムゲンダイナ,ハピナス,ヌオー,ランドロス霊,ウーラオス水
ザシアン,ムゲンダイナ,ハピナス,ヌオー,ランドロス霊,ウーラオス水
エルフーン,ガオガエン,カイリュー,レジエレキ,カブトプス,ウーラオス水
ザシアン,イベルタル,サンダー電,トリトドン,ミミッキュ,ウーラオス水
ナマコブシ,オーロンゲ,ドリュウズ,バドレックス黒,ゼクロム,ウーラオス水
バチンウニ,オーロンゲ,マニューラ,バドレックス黒,ゼクロム,ウーラオス水
キュレム白,ランドロス霊,シャンデラ,バドレックス黒,ヒヒダルマ氷,ウーラオス水
レックウザ,イベルタル,ギルガルド,ストリンダー低,メタモン,ウーラオス水
テッカニン,ボスゴドラ,アチャモ,カイオーガ,ゼルネアス,ウーラオス水
ネクロズマ日,サンダー電,エースバーン,メタモン,カイオーガ,ウーラオス水
ネクロズマ日,ゼルネアス,ナットレイ,ポリゴン２,サンダー電,ウーラオス水
サンダー電,ラグラージ,ミミッキュ,ドラパルト,ポリゴン２,ウーラオス水
ザシアン,ジガルデ,サンダー電,マンムー,ガオガエン,ウーラオス水
サンダー電,ネクロズマ日,ブラッキー,ホウオウ,ラグラージ,ウーラオス水
ホウオウ,ヌオー,ナットレイ,メタモン,ムゲンダイナ,ウーラオス水
サンダー電,ネクロズマ日,ブラッキー,ホウオウ,ラグラージ,ウーラオス水
ザシアン,イベルタル,ヌオー,カバルドン,ドリュウズ,ウーラオス水
レックウザ,エースバーン,ブラッキー,ホウオウ,ヒヒダルマ氷,ウーラオス水
レックウザ,ネクロズマ日,エースバーン,ブラッキー,トリトドン,ウーラオス水
ムゲンダイナ,ホウオウ,ヌオー,ナットレイ,メタモン,ウーラオス水
レックウザ,ネクロズマ日,ブラッキー,エースバーン,トリトドン,ウーラオス水
ムゲンダイナ,ホウオウ,ヌオー,ナットレイ,メタモン,ウーラオス水
ディアルガ,ホウオウ,ポリゴン２,レジエレキ,バクガメス,ウーラオス水
